-- MySQL dump 10.13  Distrib 8.0.19, for Linux (x86_64)
--
-- Host: localhost    Database: vkbase
-- ------------------------------------------------------
-- Server version	8.0.19

/*!40101 SET @OLD_CHARACTER_SET_CLIENT=@@CHARACTER_SET_CLIENT */;
/*!40101 SET @OLD_CHARACTER_SET_RESULTS=@@CHARACTER_SET_RESULTS */;
/*!40101 SET @OLD_COLLATION_CONNECTION=@@COLLATION_CONNECTION */;
/*!50503 SET NAMES utf8mb4 */;
/*!40103 SET @OLD_TIME_ZONE=@@TIME_ZONE */;
/*!40103 SET TIME_ZONE='+00:00' */;
/*!40014 SET @OLD_UNIQUE_CHECKS=@@UNIQUE_CHECKS, UNIQUE_CHECKS=0 */;
/*!40014 SET @OLD_FOREIGN_KEY_CHECKS=@@FOREIGN_KEY_CHECKS, FOREIGN_KEY_CHECKS=0 */;
/*!40101 SET @OLD_SQL_MODE=@@SQL_MODE, SQL_MODE='NO_AUTO_VALUE_ON_ZERO' */;
/*!40111 SET @OLD_SQL_NOTES=@@SQL_NOTES, SQL_NOTES=0 */;

--
-- Table structure for table `communities`
--

DROP TABLE IF EXISTS `communities`;
/*!40101 SET @saved_cs_client     = @@character_set_client */;
/*!50503 SET character_set_client = utf8mb4 */;
CREATE TABLE `communities` (
  `id` int unsigned NOT NULL AUTO_INCREMENT,
  `name` varchar(150) CHARACTER SET utf8 COLLATE utf8_unicode_ci NOT NULL,
  `created_at` datetime DEFAULT CURRENT_TIMESTAMP,
  PRIMARY KEY (`id`),
  UNIQUE KEY `name` (`name`)
) ENGINE=InnoDB AUTO_INCREMENT=101 DEFAULT CHARSET=utf8 COLLATE=utf8_unicode_ci;
/*!40101 SET character_set_client = @saved_cs_client */;

--
-- Dumping data for table `communities`
--

LOCK TABLES `communities` WRITE;
/*!40000 ALTER TABLE `communities` DISABLE KEYS */;
INSERT INTO `communities` VALUES (1,'leannondaugherty','2011-08-17 21:08:53'),(2,'jacobsnikolaus','2019-05-31 18:02:55'),(3,'gleason','2011-01-23 16:09:02'),(4,'bailey','2017-01-27 07:45:35'),(5,'stamm','2013-09-13 20:36:20'),(6,'donnelly','2016-01-25 02:53:55'),(7,'boyer','2016-09-27 14:56:43'),(8,'beier','2018-04-04 16:57:42'),(9,'west','2010-11-26 09:48:46'),(10,'larson','2018-02-01 16:21:51'),(11,'breitenberg','2010-04-30 17:27:09'),(12,'pfefferswift','2015-03-07 10:47:05'),(13,'trantow','2014-02-12 16:49:35'),(14,'quigleypurdy','2013-08-17 02:42:01'),(15,'mcclure','2019-11-13 00:45:16'),(16,'hirthe','2014-12-20 01:47:01'),(17,'fisher','2013-03-18 06:56:45'),(18,'beer','2011-07-09 01:14:43'),(19,'shanahan','2010-11-22 14:04:58'),(20,'hamillhirthe','2018-08-27 23:17:22');
/*!40000 ALTER TABLE `communities` ENABLE KEYS */;
UNLOCK TABLES;

--
-- Table structure for table `communities_users`
--

DROP TABLE IF EXISTS `communities_users`;
/*!40101 SET @saved_cs_client     = @@character_set_client */;
/*!50503 SET character_set_client = utf8mb4 */;
CREATE TABLE `communities_users` (
  `community_id` int unsigned NOT NULL,
  `user_id` int unsigned NOT NULL,
  PRIMARY KEY (`community_id`,`user_id`)
) ENGINE=InnoDB DEFAULT CHARSET=utf8 COLLATE=utf8_unicode_ci;
/*!40101 SET character_set_client = @saved_cs_client */;

--
-- Dumping data for table `communities_users`
--

LOCK TABLES `communities_users` WRITE;
/*!40000 ALTER TABLE `communities_users` DISABLE KEYS */;
INSERT INTO `communities_users` VALUES (1,8),(1,38),(2,33),(2,60),(2,62),(2,95),(3,3),(3,4),(3,12),(3,57),(3,63),(3,94),(4,9),(4,57),(4,67),(4,86),(4,91),(5,48),(5,62),(5,70),(6,6),(6,8),(6,29),(6,39),(6,48),(6,62),(6,65),(6,68),(6,73),(7,69),(7,92),(8,10),(8,25),(8,56),(8,80),(8,84),(8,85),(8,90),(9,19),(9,28),(9,32),(9,67),(9,76),(9,77),(9,96),(10,21),(10,33),(10,61),(10,73),(11,10),(11,12),(11,27),(11,41),(11,43),(11,80),(11,85),(11,90),(12,28),(12,67),(12,78),(12,96),(13,2),(13,11),(13,22),(13,47),(13,53),(13,65),(13,66),(13,72),(14,25),(14,45),(14,58),(14,67),(14,90),(15,15),(15,51),(15,83),(15,94),(16,33),(16,67),(16,74),(17,3),(17,5),(17,9),(17,20),(17,26),(17,32),(17,35),(17,91),(18,10),(18,17),(18,25),(18,37),(19,39),(19,88),(20,22),(20,36),(20,64),(20,69),(20,77);
/*!40000 ALTER TABLE `communities_users` ENABLE KEYS */;
UNLOCK TABLES;

--
-- Table structure for table `friendship`
--

DROP TABLE IF EXISTS `friendship`;
/*!40101 SET @saved_cs_client     = @@character_set_client */;
/*!50503 SET character_set_client = utf8mb4 */;
CREATE TABLE `friendship` (
  `user_id` int unsigned NOT NULL,
  `friend_id` int unsigned NOT NULL,
  `status_id` int unsigned NOT NULL,
  `requested_at` datetime DEFAULT CURRENT_TIMESTAMP,
  `confirmed_at` datetime DEFAULT NULL,
  PRIMARY KEY (`user_id`,`friend_id`)
) ENGINE=InnoDB DEFAULT CHARSET=utf8 COLLATE=utf8_unicode_ci;
/*!40101 SET character_set_client = @saved_cs_client */;

--
-- Dumping data for table `friendship`
--

LOCK TABLES `friendship` WRITE;
/*!40000 ALTER TABLE `friendship` DISABLE KEYS */;
INSERT INTO `friendship` VALUES (1,52,2,'2018-10-02 04:17:51','2020-04-01 17:27:15'),(2,92,1,'2012-07-26 13:32:59','2020-04-01 17:27:15'),(3,45,2,'2016-05-04 18:31:58','2020-04-01 17:27:15'),(4,25,2,'2012-12-10 19:58:04','2013-03-30 03:06:35'),(6,59,3,'2012-07-02 06:02:06','2019-08-23 15:21:55'),(7,17,1,'2020-03-18 18:29:53','2020-04-01 17:27:15'),(7,51,1,'2011-01-02 21:15:26','2014-06-09 06:03:23'),(8,12,3,'2012-01-27 06:00:09','2015-04-10 04:31:23'),(8,18,3,'2018-12-25 19:27:43','2020-04-01 17:27:15'),(8,51,2,'2014-04-28 14:33:41','2020-04-01 17:27:15'),(8,90,2,'2016-11-18 08:20:15','2019-07-18 03:48:41'),(12,55,2,'2014-02-01 13:55:04','2015-10-01 12:58:45'),(16,27,2,'2018-07-07 14:31:08','2020-04-01 17:27:15'),(16,58,1,'2017-11-16 10:58:29','2018-05-27 00:54:44'),(18,32,1,'2014-07-20 02:15:02','2015-11-22 11:52:09'),(22,10,3,'2015-11-26 03:00:43','2020-04-01 17:27:15'),(22,18,2,'2016-05-23 16:23:42','2020-04-01 17:27:15'),(22,63,2,'2011-04-22 08:15:29','2012-03-04 12:06:17'),(25,71,2,'2014-05-22 08:21:50','2020-04-01 17:27:15'),(28,26,3,'2012-07-29 16:44:48','2020-04-01 17:27:15'),(28,66,2,'2012-06-22 02:05:51','2019-05-02 09:42:03'),(29,80,1,'2019-05-26 15:51:36','2020-04-01 17:27:15'),(30,39,1,'2013-05-18 19:55:19','2020-04-01 17:27:15'),(31,87,2,'2013-05-04 11:30:52','2020-04-01 17:27:15'),(31,92,3,'2014-12-13 20:10:20','2020-04-01 17:27:15'),(33,52,1,'2012-06-12 22:28:09','2015-08-30 02:44:12'),(33,55,3,'2014-02-26 09:14:27','2014-11-15 10:36:10'),(34,47,1,'2015-05-05 21:23:38','2020-04-01 17:27:15'),(37,40,1,'2019-10-03 03:32:00','2020-04-01 17:27:15'),(37,62,3,'2017-04-20 20:56:49','2020-04-01 17:27:15'),(38,95,1,'2011-12-08 14:12:40','2020-04-01 17:27:15'),(39,10,1,'2011-08-06 03:49:01','2016-05-06 09:43:57'),(39,35,2,'2017-03-20 08:02:43','2020-04-01 17:27:15'),(39,41,1,'2018-05-28 23:26:47','2020-04-01 17:27:15'),(40,96,3,'2019-10-31 21:24:42','2020-04-01 17:27:15'),(41,2,2,'2016-07-05 13:44:22','2020-04-01 17:27:15'),(41,88,3,'2018-01-20 22:44:41','2020-04-01 17:27:15'),(42,58,3,'2010-12-20 02:22:09','2013-04-26 09:07:07'),(45,30,1,'2012-09-18 17:24:24','2014-03-01 09:33:53'),(46,14,3,'2011-11-03 12:40:37','2015-02-21 06:42:18'),(46,74,2,'2015-11-21 15:45:30','2020-04-01 17:27:15'),(48,91,1,'2014-04-15 10:58:47','2020-04-01 17:27:15'),(49,22,3,'2015-12-06 23:44:54','2016-11-22 11:07:04'),(51,54,3,'2015-10-14 15:47:16','2020-04-01 17:27:15'),(52,2,3,'2018-02-18 21:56:59','2020-04-01 17:27:15'),(52,58,3,'2010-12-15 16:19:53','2012-08-10 21:54:01'),(55,12,3,'2018-03-06 14:05:31','2020-04-01 17:27:15'),(56,70,3,'2018-01-13 06:08:00','2020-04-01 17:27:15'),(57,60,1,'2018-02-01 12:32:33','2020-04-01 17:27:15'),(57,61,3,'2018-01-20 11:54:20','2020-04-01 17:27:15'),(58,67,1,'2010-10-21 16:58:23','2019-12-13 10:39:33'),(59,51,1,'2011-08-20 01:14:01','2018-12-26 20:49:03'),(60,54,3,'2018-07-18 09:55:35','2020-04-01 17:27:15'),(62,66,3,'2018-08-29 22:38:49','2019-08-02 15:00:02'),(62,70,2,'2011-07-28 13:11:16','2016-10-14 06:42:29'),(62,77,1,'2010-06-26 04:49:29','2014-05-08 13:29:30'),(63,49,1,'2010-08-02 23:34:46','2017-06-10 08:03:26'),(63,77,3,'2014-10-29 09:11:15','2020-04-01 17:27:15'),(65,14,2,'2019-10-18 14:43:13','2020-04-01 17:27:15'),(65,15,3,'2012-03-14 23:52:17','2013-07-07 19:37:21'),(66,1,3,'2019-02-26 09:29:05','2020-04-01 17:27:15'),(67,29,1,'2011-03-27 17:21:40','2014-10-29 11:35:47'),(67,78,1,'2018-12-18 05:21:27','2020-04-01 17:27:15'),(70,28,2,'2014-10-31 03:50:19','2019-05-31 04:51:23'),(70,49,3,'2016-07-04 23:14:02','2020-04-01 17:27:15'),(71,3,3,'2011-06-07 16:32:16','2020-04-01 17:27:15'),(71,28,1,'2011-11-13 11:19:31','2013-08-27 23:00:00'),(72,87,3,'2019-08-31 03:46:08','2020-04-01 17:27:15'),(73,28,1,'2016-10-27 03:49:50','2018-12-02 02:06:33'),(74,25,3,'2014-04-08 14:59:07','2016-11-26 16:09:24'),(74,32,2,'2013-08-30 05:32:10','2016-02-08 06:13:40'),(75,71,3,'2015-01-05 08:38:27','2019-04-30 14:35:04'),(77,29,1,'2018-05-04 05:13:24','2020-04-01 17:27:15'),(77,70,1,'2015-08-26 17:21:25','2018-11-28 06:32:31'),(78,31,1,'2018-03-14 02:22:14','2020-04-01 17:27:15'),(78,40,1,'2010-09-19 22:16:11','2018-07-09 19:55:55'),(79,57,3,'2010-09-08 12:57:08','2020-04-01 17:27:15'),(82,34,1,'2010-06-20 02:45:07','2015-03-05 03:39:59'),(83,77,1,'2019-08-25 23:05:17','2020-04-01 17:27:15'),(84,14,2,'2014-12-03 21:16:22','2019-03-09 20:32:38'),(84,57,2,'2019-06-25 10:58:33','2020-04-01 17:27:15'),(85,37,1,'2013-02-10 00:02:52','2020-03-26 12:45:19'),(85,68,1,'2018-04-30 08:03:49','2020-04-01 17:27:15'),(86,6,2,'2018-03-28 17:54:19','2020-04-01 17:27:15'),(86,85,2,'2017-11-22 13:06:05','2020-04-01 17:27:15'),(87,6,1,'2019-11-24 06:29:07','2020-04-01 17:27:15'),(87,48,2,'2012-04-21 09:22:32','2015-04-15 15:15:20'),(89,7,3,'2017-06-14 04:45:07','2020-04-01 17:27:15'),(90,23,3,'2011-10-06 12:25:48','2018-12-06 06:16:30'),(91,25,1,'2012-11-20 06:28:18','2014-09-16 10:03:33'),(92,85,2,'2011-02-03 15:23:56','2011-06-02 03:05:16'),(93,73,2,'2013-12-31 12:24:43','2014-12-15 03:12:22'),(93,99,2,'2019-12-10 18:02:34','2020-04-01 17:27:15'),(95,13,2,'2016-12-21 23:36:29','2020-04-01 17:27:15'),(95,67,1,'2012-10-08 20:04:43','2018-09-02 14:24:12'),(96,11,3,'2018-01-03 21:54:56','2020-04-01 17:27:15'),(96,23,1,'2014-06-17 19:22:18','2015-02-03 14:20:47'),(97,23,2,'2011-11-08 09:35:24','2017-08-06 09:59:01'),(97,43,2,'2012-05-13 08:56:17','2014-07-27 17:33:04'),(98,79,2,'2010-05-29 09:01:59','2017-02-16 04:00:19');
/*!40000 ALTER TABLE `friendship` ENABLE KEYS */;
UNLOCK TABLES;

--
-- Table structure for table `friendship_statuses`
--

DROP TABLE IF EXISTS `friendship_statuses`;
/*!40101 SET @saved_cs_client     = @@character_set_client */;
/*!50503 SET character_set_client = utf8mb4 */;
CREATE TABLE `friendship_statuses` (
  `id` int unsigned NOT NULL AUTO_INCREMENT,
  `name` varchar(150) CHARACTER SET utf8 COLLATE utf8_unicode_ci NOT NULL,
  PRIMARY KEY (`id`),
  UNIQUE KEY `name` (`name`)
) ENGINE=InnoDB AUTO_INCREMENT=4 DEFAULT CHARSET=utf8 COLLATE=utf8_unicode_ci;
/*!40101 SET character_set_client = @saved_cs_client */;

--
-- Dumping data for table `friendship_statuses`
--

LOCK TABLES `friendship_statuses` WRITE;
/*!40000 ALTER TABLE `friendship_statuses` DISABLE KEYS */;
INSERT INTO `friendship_statuses` VALUES (2,'Confirmed'),(3,'Rejected'),(1,'Requested');
/*!40000 ALTER TABLE `friendship_statuses` ENABLE KEYS */;
UNLOCK TABLES;

--
-- Table structure for table `media`
--

DROP TABLE IF EXISTS `media`;
/*!40101 SET @saved_cs_client     = @@character_set_client */;
/*!50503 SET character_set_client = utf8mb4 */;
CREATE TABLE `media` (
  `id` int unsigned NOT NULL AUTO_INCREMENT,
  `media_type_id` int unsigned NOT NULL,
  `user_id` int unsigned NOT NULL,
  `file_path` varchar(255) CHARACTER SET utf8 COLLATE utf8_unicode_ci NOT NULL,
  `size` int NOT NULL,
  `metadata` json DEFAULT NULL,
  `created_at` datetime DEFAULT CURRENT_TIMESTAMP,
  `updated_at` datetime DEFAULT CURRENT_TIMESTAMP ON UPDATE CURRENT_TIMESTAMP,
  PRIMARY KEY (`id`)
) ENGINE=InnoDB AUTO_INCREMENT=101 DEFAULT CHARSET=utf8 COLLATE=utf8_unicode_ci;
/*!40101 SET character_set_client = @saved_cs_client */;

--
-- Dumping data for table `media`
--

LOCK TABLES `media` WRITE;
/*!40000 ALTER TABLE `media` DISABLE KEYS */;
INSERT INTO `media` VALUES (1,3,72,'https://dropbox/vk/file_7417',9585465,'{\"owner\": \"Yvette Prosacco\"}','2014-04-17 05:01:02','2020-04-01 16:36:38'),(2,1,80,'https://dropbox/vk/file_9360',6669153,'{\"owner\": \"Jacinthe Dickinson\"}','2018-02-25 22:41:07','2020-04-01 16:36:38'),(3,3,83,'https://dropbox/vk/file_4551',4489371,'{\"owner\": \"Tremaine Monahan\"}','2013-01-24 18:48:18','2020-04-01 16:36:38'),(4,2,78,'https://dropbox/vk/file_4673',2339397,'{\"owner\": \"Lucas Runolfsson\"}','2015-07-16 20:14:38','2020-04-01 16:36:38'),(5,2,37,'https://dropbox/vk/file_9714',8128870,'{\"owner\": \"Frida Lesch\"}','2013-07-18 21:48:10','2020-04-01 16:36:38'),(6,3,53,'https://dropbox/vk/file_4552',556202716,'{\"owner\": \"Theresia O\'Connell\"}','2017-10-29 17:36:59','2020-04-01 16:36:38'),(7,2,51,'https://dropbox/vk/file_3617',3526165,'{\"owner\": \"Jessy Kiehn\"}','2016-02-04 09:56:27','2020-04-01 16:36:38'),(8,3,95,'https://dropbox/vk/file_4427',3144214,'{\"owner\": \"Bria Koelpin\"}','2016-07-29 15:33:59','2020-04-01 16:36:38'),(9,3,21,'https://dropbox/vk/file_1285',5042576,'{\"owner\": \"Mattie Shields\"}','2017-10-08 11:30:14','2020-04-01 16:36:38'),(10,1,19,'https://dropbox/vk/file_3145',73704442,'{\"owner\": \"Lewis Kuhn\"}','2019-12-26 05:48:30','2020-04-01 16:36:38'),(11,3,34,'https://dropbox/vk/file_1868',5680239,'{\"owner\": \"Terrence Schroeder\"}','2017-08-07 12:19:36','2020-04-01 16:36:38'),(12,1,13,'https://dropbox/vk/file_9905',3173471,'{\"owner\": \"Electa Runolfsson\"}','2019-05-22 17:55:33','2020-04-01 16:36:38'),(13,3,64,'https://dropbox/vk/file_3924',8726636,'{\"owner\": \"Gregorio Kutch\"}','2013-09-25 10:22:26','2020-04-01 16:36:38'),(14,3,77,'https://dropbox/vk/file_9902',4012772,'{\"owner\": \"Tina Hilll\"}','2019-02-14 05:48:02','2020-04-01 16:36:38'),(15,2,94,'https://dropbox/vk/file_7741',3783949,'{\"owner\": \"Pearline Stracke\"}','2015-08-11 06:24:13','2020-04-01 16:36:38'),(16,2,37,'https://dropbox/vk/file_8999',6781433,'{\"owner\": \"Frida Lesch\"}','2019-11-13 10:50:06','2020-04-01 16:36:38'),(17,3,5,'https://dropbox/vk/file_1774',2455318,'{\"owner\": \"Glenna Quitzon\"}','2017-12-30 00:05:09','2020-04-01 16:36:38'),(18,1,14,'https://dropbox/vk/file_1869',1832293,'{\"owner\": \"Gregg Kub\"}','2019-02-13 05:56:19','2020-04-01 16:36:38'),(19,3,52,'https://dropbox/vk/file_4024',8156682,'{\"owner\": \"Bryce Braun\"}','2011-09-10 09:37:26','2020-04-01 16:36:38'),(20,2,17,'https://dropbox/vk/file_4511',1695510,'{\"owner\": \"Dorian Williamson\"}','2017-02-21 19:11:28','2020-04-01 16:36:38'),(21,3,31,'https://dropbox/vk/file_484',2880674,'{\"owner\": \"Tanya Nolan\"}','2013-07-08 01:40:44','2020-04-01 16:36:38'),(22,2,4,'https://dropbox/vk/file_8886',9216839,'{\"owner\": \"Jena Hettinger\"}','2017-04-17 03:16:45','2020-04-01 16:36:38'),(23,3,26,'https://dropbox/vk/file_2982',7342179,'{\"owner\": \"Christ Schumm\"}','2019-09-23 20:31:31','2020-04-01 16:36:38'),(24,1,16,'https://dropbox/vk/file_8250',533895839,'{\"owner\": \"Ezra Runolfsson\"}','2016-12-13 11:38:24','2020-04-01 16:36:38'),(25,2,3,'https://dropbox/vk/file_2307',6192107,'{\"owner\": \"Elouise Price\"}','2012-02-24 11:50:24','2020-04-01 16:36:38'),(26,2,67,'https://dropbox/vk/file_6781',9335517,'{\"owner\": \"Julia Stroman\"}','2015-10-18 22:33:33','2020-04-01 16:36:38'),(27,3,24,'https://dropbox/vk/file_6984',8960379,'{\"owner\": \"Marcelle Reilly\"}','2020-01-23 04:04:50','2020-04-01 16:36:38'),(28,2,18,'https://dropbox/vk/file_4578',53030663,'{\"owner\": \"Sylvia Sipes\"}','2018-10-19 19:15:42','2020-04-01 16:36:38'),(29,2,19,'https://dropbox/vk/file_1939',2675362,'{\"owner\": \"Lewis Kuhn\"}','2013-02-16 00:37:14','2020-04-01 16:36:38'),(30,1,40,'https://dropbox/vk/file_5959',1039164,'{\"owner\": \"Kelsi Carroll\"}','2013-10-24 05:52:53','2020-04-01 16:36:38'),(31,2,44,'https://dropbox/vk/file_3979',6395669,'{\"owner\": \"Ashleigh Dietrich\"}','2018-04-02 05:28:05','2020-04-01 16:36:38'),(32,2,97,'https://dropbox/vk/file_2019',15965444,'{\"owner\": \"Kiara Wolf\"}','2014-11-04 12:40:34','2020-04-01 16:36:38'),(33,3,53,'https://dropbox/vk/file_8157',3852262,'{\"owner\": \"Theresia O\'Connell\"}','2018-05-10 19:47:46','2020-04-01 16:36:38'),(34,1,75,'https://dropbox/vk/file_4728',9974304,'{\"owner\": \"Larissa Bogisich\"}','2019-07-19 03:54:56','2020-04-01 16:36:38'),(35,3,16,'https://dropbox/vk/file_9167',8214735,'{\"owner\": \"Ezra Runolfsson\"}','2018-06-12 00:29:23','2020-04-01 16:36:38'),(36,1,54,'https://dropbox/vk/file_1654',1473723,'{\"owner\": \"Roy Klein\"}','2018-03-16 10:43:30','2020-04-01 16:36:38'),(37,3,22,'https://dropbox/vk/file_769',2027443,'{\"owner\": \"Alexandra Nienow\"}','2017-08-06 12:49:59','2020-04-01 16:36:38'),(38,3,46,'https://dropbox/vk/file_8878',1050768,'{\"owner\": \"Nella Goyette\"}','2016-03-13 02:28:28','2020-04-01 16:36:38'),(39,3,63,'https://dropbox/vk/file_2090',3735029,'{\"owner\": \"Felipa Jast\"}','2013-05-09 01:45:30','2020-04-01 16:36:38'),(40,3,79,'https://dropbox/vk/file_3812',509631,'{\"owner\": \"Blake Sawayn\"}','2019-03-12 20:05:45','2020-04-01 16:36:38'),(41,1,4,'https://dropbox/vk/file_2790',9295852,'{\"owner\": \"Jena Hettinger\"}','2011-05-16 09:39:49','2020-04-01 16:36:38'),(42,3,82,'https://dropbox/vk/file_2512',73211448,'{\"owner\": \"Jakayla Wolf\"}','2011-07-01 05:09:39','2020-04-01 16:36:38'),(43,2,98,'https://dropbox/vk/file_4192',4850371,'{\"owner\": \"Rodrick Dicki\"}','2011-01-27 09:14:01','2020-04-01 16:36:38'),(44,2,45,'https://dropbox/vk/file_3424',976478690,'{\"owner\": \"Katarina Hane\"}','2014-10-05 19:14:21','2020-04-01 16:36:38'),(45,1,29,'https://dropbox/vk/file_4545',1020977,'{\"owner\": \"Marcel Moen\"}','2011-12-22 08:37:05','2020-04-01 16:36:38'),(46,2,11,'https://dropbox/vk/file_2452',45467532,'{\"owner\": \"Albertha Mayert\"}','2015-06-13 17:09:23','2020-04-01 16:36:38'),(47,3,67,'https://dropbox/vk/file_8625',6264301,'{\"owner\": \"Julia Stroman\"}','2015-10-13 06:37:31','2020-04-01 16:36:38'),(48,1,99,'https://dropbox/vk/file_5770',6670392,'{\"owner\": \"Chelsea Mayert\"}','2015-12-20 16:24:20','2020-04-01 16:36:38'),(49,2,96,'https://dropbox/vk/file_2976',514027201,'{\"owner\": \"Kristina Schaefer\"}','2016-11-22 16:22:32','2020-04-01 16:36:38'),(50,1,81,'https://dropbox/vk/file_7566',4459060,'{\"owner\": \"Daphney Cronin\"}','2013-10-22 06:24:07','2020-04-01 16:36:38'),(51,3,17,'https://dropbox/vk/file_8905',1348337,'{\"owner\": \"Dorian Williamson\"}','2020-01-20 09:47:27','2020-04-01 16:36:38'),(52,3,40,'https://dropbox/vk/file_1827',2184124,'{\"owner\": \"Kelsi Carroll\"}','2017-12-26 20:15:53','2020-04-01 16:36:38'),(53,3,52,'https://dropbox/vk/file_2417',8489643,'{\"owner\": \"Bryce Braun\"}','2018-05-28 05:42:54','2020-04-01 16:36:38'),(54,1,36,'https://dropbox/vk/file_6603',398769091,'{\"owner\": \"Verlie Mraz\"}','2018-10-04 09:20:20','2020-04-01 16:36:38'),(55,1,27,'https://dropbox/vk/file_5767',7443439,'{\"owner\": \"Elza Blick\"}','2013-09-19 15:45:41','2020-04-01 16:36:38'),(56,3,24,'https://dropbox/vk/file_9025',564829,'{\"owner\": \"Marcelle Reilly\"}','2015-11-12 03:17:24','2020-04-01 16:36:38'),(57,3,41,'https://dropbox/vk/file_7826',393825,'{\"owner\": \"Kim Buckridge\"}','2011-07-30 12:36:29','2020-04-01 16:36:38'),(58,2,31,'https://dropbox/vk/file_2057',174641,'{\"owner\": \"Tanya Nolan\"}','2013-06-02 17:52:24','2020-04-01 16:36:38'),(59,3,30,'https://dropbox/vk/file_6804',9591728,'{\"owner\": \"Dale McKenzie\"}','2019-12-19 03:05:29','2020-04-01 16:36:38'),(60,2,58,'https://dropbox/vk/file_7851',8093002,'{\"owner\": \"Cheyenne Ratke\"}','2011-01-01 06:59:27','2020-04-01 16:36:38'),(61,1,98,'https://dropbox/vk/file_8844',1045792,'{\"owner\": \"Rodrick Dicki\"}','2016-05-29 08:18:56','2020-04-01 16:36:38'),(62,2,17,'https://dropbox/vk/file_667',50192497,'{\"owner\": \"Dorian Williamson\"}','2011-05-26 05:24:07','2020-04-01 16:36:38'),(63,1,91,'https://dropbox/vk/file_6799',1020089,'{\"owner\": \"Destany Breitenberg\"}','2015-09-23 11:48:12','2020-04-01 16:36:38'),(64,3,1,'https://dropbox/vk/file_1997',126748986,'{\"owner\": \"Frederique Anderson\"}','2016-08-18 15:36:43','2020-04-01 16:36:38'),(65,2,32,'https://dropbox/vk/file_9587',7334723,'{\"owner\": \"Guy Daniel\"}','2016-12-09 06:12:23','2020-04-01 16:36:38'),(66,1,55,'https://dropbox/vk/file_1946',7798430,'{\"owner\": \"Mellie Schroeder\"}','2010-06-18 17:28:29','2020-04-01 16:36:38'),(67,2,80,'https://dropbox/vk/file_968',1086208,'{\"owner\": \"Jacinthe Dickinson\"}','2013-07-19 07:58:30','2020-04-01 16:36:38'),(68,3,33,'https://dropbox/vk/file_9001',6887984,'{\"owner\": \"Anjali Hammes\"}','2016-04-07 22:35:12','2020-04-01 16:36:38'),(69,2,27,'https://dropbox/vk/file_2102',257763941,'{\"owner\": \"Elza Blick\"}','2015-12-25 08:28:01','2020-04-01 16:36:38'),(70,2,36,'https://dropbox/vk/file_3505',6381546,'{\"owner\": \"Verlie Mraz\"}','2020-01-01 20:33:44','2020-04-01 16:36:38'),(71,2,95,'https://dropbox/vk/file_1220',8853437,'{\"owner\": \"Bria Koelpin\"}','2019-03-09 22:09:06','2020-04-01 16:36:38'),(72,3,69,'https://dropbox/vk/file_5581',91155522,'{\"owner\": \"Sandy Stehr\"}','2018-10-25 18:32:30','2020-04-01 16:36:38'),(73,1,61,'https://dropbox/vk/file_4250',944630,'{\"owner\": \"Alvera Koelpin\"}','2019-11-09 16:42:32','2020-04-01 16:36:38'),(74,3,95,'https://dropbox/vk/file_4504',3959198,'{\"owner\": \"Bria Koelpin\"}','2017-09-11 07:48:41','2020-04-01 16:36:38'),(75,2,91,'https://dropbox/vk/file_9771',6862103,'{\"owner\": \"Destany Breitenberg\"}','2014-02-18 14:03:33','2020-04-01 16:36:38'),(76,1,72,'https://dropbox/vk/file_5344',296406072,'{\"owner\": \"Yvette Prosacco\"}','2012-03-03 21:50:05','2020-04-01 16:36:38'),(77,1,84,'https://dropbox/vk/file_7406',2332923,'{\"owner\": \"Golden Denesik\"}','2012-05-09 20:09:22','2020-04-01 16:36:38'),(78,3,3,'https://dropbox/vk/file_999',9075075,'{\"owner\": \"Elouise Price\"}','2011-01-30 12:51:38','2020-04-01 16:36:38'),(79,3,61,'https://dropbox/vk/file_2774',978304,'{\"owner\": \"Alvera Koelpin\"}','2010-05-10 03:26:26','2020-04-01 16:36:38'),(80,3,99,'https://dropbox/vk/file_873',7792753,'{\"owner\": \"Chelsea Mayert\"}','2016-05-28 14:49:35','2020-04-01 16:36:38'),(81,1,10,'https://dropbox/vk/file_6041',5928856,'{\"owner\": \"Victor Hermann\"}','2011-07-17 08:39:02','2020-04-01 16:36:38'),(82,3,52,'https://dropbox/vk/file_7589',6166021,'{\"owner\": \"Bryce Braun\"}','2019-12-15 17:59:36','2020-04-01 16:36:38'),(83,2,30,'https://dropbox/vk/file_9824',2943540,'{\"owner\": \"Dale McKenzie\"}','2016-09-29 02:31:07','2020-04-01 16:36:38'),(84,3,93,'https://dropbox/vk/file_6352',76940010,'{\"owner\": \"Elisa Kertzmann\"}','2015-02-24 01:40:11','2020-04-01 16:36:38'),(85,3,75,'https://dropbox/vk/file_2290',6119635,'{\"owner\": \"Larissa Bogisich\"}','2013-06-09 17:29:56','2020-04-01 16:36:38'),(86,3,97,'https://dropbox/vk/file_2391',1667559,'{\"owner\": \"Kiara Wolf\"}','2011-11-02 03:05:41','2020-04-01 16:36:38'),(87,1,57,'https://dropbox/vk/file_5086',5414089,'{\"owner\": \"Jayden Davis\"}','2018-04-10 17:13:45','2020-04-01 16:36:38'),(88,3,96,'https://dropbox/vk/file_8256',9878890,'{\"owner\": \"Kristina Schaefer\"}','2015-02-04 21:03:05','2020-04-01 16:36:38'),(89,3,9,'https://dropbox/vk/file_6026',4291776,'{\"owner\": \"Ernestina Collins\"}','2012-01-09 00:09:11','2020-04-01 16:36:38'),(90,1,55,'https://dropbox/vk/file_5358',1722211,'{\"owner\": \"Mellie Schroeder\"}','2018-09-21 07:45:33','2020-04-01 16:36:38'),(91,3,48,'https://dropbox/vk/file_8714',5635725,'{\"owner\": \"Marielle Hagenes\"}','2014-06-24 03:16:44','2020-04-01 16:36:38'),(92,1,72,'https://dropbox/vk/file_7495',85425851,'{\"owner\": \"Yvette Prosacco\"}','2013-11-11 18:12:58','2020-04-01 16:36:38'),(93,1,18,'https://dropbox/vk/file_1333',2911996,'{\"owner\": \"Sylvia Sipes\"}','2011-10-19 16:16:50','2020-04-01 16:36:38'),(94,1,74,'https://dropbox/vk/file_4181',7552805,'{\"owner\": \"Paige Sipes\"}','2018-07-05 04:13:46','2020-04-01 16:36:38'),(95,2,14,'https://dropbox/vk/file_6903',8928041,'{\"owner\": \"Gregg Kub\"}','2012-02-18 20:24:39','2020-04-01 16:36:38'),(96,2,48,'https://dropbox/vk/file_1975',492861165,'{\"owner\": \"Marielle Hagenes\"}','2010-05-10 22:00:08','2020-04-01 16:36:38'),(97,1,98,'https://dropbox/vk/file_9162',1881793,'{\"owner\": \"Rodrick Dicki\"}','2016-10-23 13:04:50','2020-04-01 16:36:38'),(98,1,44,'https://dropbox/vk/file_9887',2524838,'{\"owner\": \"Ashleigh Dietrich\"}','2018-02-26 19:02:59','2020-04-01 16:36:38'),(99,1,27,'https://dropbox/vk/file_1953',6878815,'{\"owner\": \"Elza Blick\"}','2011-08-05 19:44:08','2020-04-01 16:36:38'),(100,2,1,'https://dropbox/vk/file_100',6719563,'{\"owner\": \"Frederique Anderson\"}','2013-08-02 21:01:38','2020-04-01 16:36:38');
/*!40000 ALTER TABLE `media` ENABLE KEYS */;
UNLOCK TABLES;

--
-- Table structure for table `media_types`
--

DROP TABLE IF EXISTS `media_types`;
/*!40101 SET @saved_cs_client     = @@character_set_client */;
/*!50503 SET character_set_client = utf8mb4 */;
CREATE TABLE `media_types` (
  `id` int unsigned NOT NULL AUTO_INCREMENT,
  `name` varchar(255) CHARACTER SET utf8 COLLATE utf8_unicode_ci NOT NULL,
  PRIMARY KEY (`id`),
  UNIQUE KEY `name` (`name`)
) ENGINE=InnoDB AUTO_INCREMENT=4 DEFAULT CHARSET=utf8 COLLATE=utf8_unicode_ci;
/*!40101 SET character_set_client = @saved_cs_client */;

--
-- Dumping data for table `media_types`
--

LOCK TABLES `media_types` WRITE;
/*!40000 ALTER TABLE `media_types` DISABLE KEYS */;
INSERT INTO `media_types` VALUES (2,'audio'),(1,'photo'),(3,'video');
/*!40000 ALTER TABLE `media_types` ENABLE KEYS */;
UNLOCK TABLES;

--
-- Table structure for table `messages`
--

DROP TABLE IF EXISTS `messages`;
/*!40101 SET @saved_cs_client     = @@character_set_client */;
/*!50503 SET character_set_client = utf8mb4 */;
CREATE TABLE `messages` (
  `id` int unsigned NOT NULL AUTO_INCREMENT,
  `from_user_id` int unsigned NOT NULL,
  `to_user_id` int unsigned NOT NULL,
  `body` text CHARACTER SET utf8 COLLATE utf8_unicode_ci NOT NULL,
  `is_important` tinyint(1) DEFAULT NULL,
  `is_delivered` tinyint(1) DEFAULT NULL,
  `created_at` datetime DEFAULT CURRENT_TIMESTAMP,
  PRIMARY KEY (`id`)
) ENGINE=InnoDB AUTO_INCREMENT=101 DEFAULT CHARSET=utf8 COLLATE=utf8_unicode_ci;
/*!40101 SET character_set_client = @saved_cs_client */;

--
-- Dumping data for table `messages`
--

LOCK TABLES `messages` WRITE;
/*!40000 ALTER TABLE `messages` DISABLE KEYS */;
INSERT INTO `messages` VALUES (1,79,97,'Facilis sequi repudiandae ab laudantium fugit ex dignissimos. At debitis omnis ipsum aut porro et. Tempore voluptatibus est praesentium debitis iste rerum.',0,0,'2013-04-07 19:42:50'),(2,51,64,'Optio dignissimos sequi beatae esse rerum. Quod consectetur et sunt non ipsum. Culpa eos quidem ut necessitatibus aut ea est consequatur. Molestias veniam velit est culpa nesciunt nam corporis dolores.',0,0,'2019-07-27 22:22:51'),(3,64,32,'Non laudantium dolorem aut sit dolores earum. Veniam fugit ut officia culpa. Aut omnis vitae qui similique dolorem.',0,0,'2016-11-10 16:14:07'),(4,63,22,'Molestias eius voluptates ea sit ad non mollitia. Praesentium qui amet sunt voluptates. Laudantium perferendis consequatur qui quos tempora commodi.',0,0,'2013-05-03 23:32:13'),(5,20,34,'Culpa odit reiciendis aut a nisi quis. Tempore ut qui amet saepe. Aut magnam veritatis nam ut. Error quasi veritatis eius quasi consequatur ut eum.',0,0,'2014-10-04 01:43:16'),(6,9,44,'Vitae aliquam sit ab dolorum. Mollitia earum est eum animi. Quibusdam necessitatibus est laborum explicabo id. Facere voluptatem eos ut aliquam sed.',0,0,'2013-05-14 00:18:26'),(7,91,28,'Commodi ratione ut dolores sed earum delectus similique. Quis dignissimos quaerat natus aut fugiat. Ea quia rerum iure saepe.',0,0,'2017-02-16 22:40:20'),(8,65,42,'Voluptates ut voluptas et inventore debitis occaecati. Repellendus aliquam nihil deleniti ab neque. Exercitationem et aut molestiae nemo quia. Dolorem voluptas iusto quasi nihil.',0,0,'2011-09-28 14:01:38'),(9,15,48,'Qui at explicabo quidem. Eos voluptatem molestiae tempora quos delectus dolor in. Eveniet qui provident veritatis accusamus. Reiciendis accusamus ratione fugit praesentium blanditiis corporis numquam.',0,0,'2017-07-15 11:13:20'),(10,94,30,'Veniam similique accusamus ab qui corporis. Quisquam debitis accusantium ea laudantium ea libero. Provident odio id facere qui quia ipsa minus ipsam.',0,0,'2013-07-21 01:15:05'),(11,64,30,'Rem necessitatibus praesentium porro quis sed repudiandae. Placeat rerum iusto voluptatem deserunt optio sed. Nemo id saepe deleniti necessitatibus quis magni ea.',0,0,'2015-01-30 14:05:11'),(12,59,6,'Deleniti id est eaque fuga exercitationem culpa. Sed voluptas sit mollitia assumenda aperiam. Quo voluptatem facere aperiam. Dolore qui sed aut fugiat perferendis.',0,0,'2018-05-30 12:14:24'),(13,52,42,'Voluptatem nostrum molestiae nam pariatur soluta. Et cumque eaque sequi accusantium nihil. Rerum officia nobis sit eaque provident.',0,0,'2017-03-31 11:12:02'),(14,53,42,'Sint cumque non quod autem. Molestiae est dignissimos ea et voluptatem voluptatem dignissimos possimus. Et dolorem laboriosam eum nihil a est.',0,0,'2016-12-30 09:10:28'),(15,48,14,'Ut sed provident esse modi et. Error dignissimos omnis quo ducimus. Aut molestiae pariatur nisi non animi esse debitis ab.',0,0,'2019-04-03 08:32:59'),(16,26,86,'A voluptatum neque expedita vero numquam. Occaecati cupiditate velit ut. Nemo aut velit et quas.',0,0,'2016-04-06 04:57:39'),(17,57,25,'Nemo omnis eum et laudantium nulla consequatur. Omnis qui libero molestiae officiis. Quia illo velit debitis exercitationem nam.',0,0,'2018-04-23 02:42:19'),(18,55,98,'Ab recusandae doloribus et laboriosam unde. Rerum quo aut aperiam expedita ab qui adipisci. Doloremque deserunt sunt magnam ipsum ipsam a.',0,0,'2011-01-15 23:44:31'),(19,28,42,'Voluptatem sint quo nisi et sequi dolore omnis quia. Quo facere earum molestiae vel. Et ad fugiat provident facilis eum.',0,0,'2015-07-08 00:42:30'),(20,26,5,'Nihil fugiat vel id dolorem pariatur voluptatem ad quis. Dolores nobis illum similique ad sed aliquam eos. Ab quia voluptates inventore quisquam sequi dolorem occaecati ut. Quae omnis quod earum.',0,0,'2013-08-26 11:46:11'),(21,46,16,'Laudantium eaque consectetur voluptatem quasi. Maxime sequi eum accusamus recusandae autem. Illo quibusdam accusantium quia rerum dignissimos numquam sed. Voluptatum rerum eveniet doloribus quaerat. Dolores accusantium expedita et cupiditate earum.',0,0,'2019-06-02 02:59:21'),(22,40,52,'Qui aut dicta et sint ipsam itaque. Non eligendi aut quos tempore consequatur. Iure vitae debitis aspernatur dolores expedita. Deleniti laboriosam hic id nam nisi repellat rerum.',0,0,'2018-05-04 23:51:15'),(23,39,41,'Id voluptas praesentium aut non. Id provident minima enim ut dolorem. Voluptas corporis qui quasi eos. Dignissimos unde quis sapiente et consequatur quae.',0,0,'2014-02-03 02:11:57'),(24,88,17,'Pariatur est soluta et. Molestiae ut consequatur officiis nobis animi qui. Fugiat ducimus expedita quod rem tempora quia.',0,0,'2012-12-28 21:07:28'),(25,18,39,'Nam sunt numquam sunt qui quia. Delectus ut et rem ut. Iusto dolor asperiores sint non.',0,0,'2011-06-03 17:54:33'),(26,40,84,'Illum ut qui sint. Excepturi consequuntur qui non alias. Fuga tenetur ut fugit iure reiciendis ea. Voluptatem neque repellat consequatur.',0,0,'2014-12-03 22:07:10'),(27,2,56,'Veniam aut ipsum alias facilis fuga esse. Aspernatur voluptatibus voluptas dolorem rerum. Non ducimus veniam dolorem odio.',0,0,'2019-09-23 00:22:07'),(28,75,10,'Similique sed sed sed explicabo exercitationem cumque. Quod id laboriosam beatae dolore. Facere quaerat aliquid nostrum.',0,0,'2015-05-02 06:04:44'),(29,20,72,'Praesentium magnam reprehenderit rerum. Similique quam nulla et placeat. Eveniet ex cum itaque minus earum. Quam ad cum labore fugiat unde vitae.',0,0,'2014-05-19 15:57:46'),(30,99,82,'Mollitia voluptatibus quia deserunt similique nesciunt tenetur. Alias harum distinctio ipsum enim. Perspiciatis nostrum optio neque earum.',0,0,'2019-05-14 17:00:21'),(31,13,15,'Odio laudantium et aliquid aut. Quia tempore et necessitatibus dolor.',0,0,'2011-04-02 23:08:43'),(32,37,39,'Dolore quo similique nihil. Veritatis voluptatibus reiciendis qui a ut. Molestiae dolorum totam molestias est magni ut dolores. Quia aperiam et suscipit ut tempore. Vero nam ratione amet voluptas.',0,0,'2012-10-01 04:52:55'),(33,86,14,'Optio reiciendis voluptas sit et enim. Qui molestiae provident soluta soluta recusandae dolorem rerum. Et ut dolor tempora nemo ullam dolorem non.',0,0,'2015-06-25 00:26:28'),(34,10,9,'Ipsam amet quae alias facere aut aperiam eos. Recusandae ipsa minus a numquam explicabo. Necessitatibus possimus provident voluptas aliquid dolorem a.',0,0,'2012-12-26 21:38:38'),(35,13,37,'Numquam aut dolores est quis sit. Repellat distinctio nostrum id sequi. Dolores ducimus dolore eius rerum sed alias maiores. Cumque est explicabo qui impedit dolor et rerum.',0,0,'2017-07-30 00:05:11'),(36,47,23,'Qui accusantium recusandae et. Rerum veritatis est est beatae dolore dolores tempore. Velit vero qui maiores error modi minus sunt. Consectetur sint et natus enim.',0,0,'2013-07-10 21:33:11'),(37,74,4,'Repellendus dolor et nobis illo maxime. Distinctio sit laborum reiciendis aut. Inventore quasi aliquam adipisci repellat adipisci. Modi esse nostrum et fuga.',0,0,'2017-07-26 01:08:49'),(38,92,54,'Occaecati delectus reprehenderit consequatur vel et. Beatae aut ad amet dolorem officia nostrum debitis. Esse nobis aliquam nostrum non impedit quo repellendus sint.',0,0,'2013-05-04 04:31:59'),(39,93,6,'Rerum velit perferendis quae quas ipsam occaecati. Voluptas a cumque in incidunt minima. Voluptatem tempora ad et debitis molestiae.',0,0,'2019-07-11 13:05:15'),(40,47,17,'Explicabo quia ducimus autem. Eveniet totam debitis aliquam mollitia accusamus. Voluptatem ut dignissimos accusantium quaerat mollitia.',0,0,'2011-05-01 09:47:13'),(41,44,69,'Est amet sit aliquam eveniet. Minus quia et at minus similique aut. Sunt omnis vitae aliquam aut explicabo. Minus atque molestias qui non consequuntur. Esse dolor necessitatibus aliquid est error omnis.',0,0,'2011-04-21 12:27:18'),(42,15,65,'Harum aut fugit magnam praesentium distinctio. Quo neque veritatis dicta quibusdam qui atque. Alias aut minus sed nulla. Eos quam maiores exercitationem animi.',0,0,'2019-09-13 16:34:12'),(43,80,7,'Dolores suscipit animi voluptatem rem est architecto. A et distinctio molestiae dolorem autem sed. Qui reprehenderit totam velit harum perferendis tenetur eum officia. Velit est at voluptatibus fugiat nesciunt.',0,0,'2019-07-25 13:16:18'),(44,92,43,'Cumque deleniti architecto nulla impedit. Dolores vel facilis nihil repellat voluptas animi cupiditate. Dolor vel incidunt voluptates ut.',0,0,'2015-09-07 16:53:47'),(45,36,53,'Reprehenderit architecto est aspernatur natus facilis labore sed. Quia iusto ea consequatur nesciunt. Pariatur occaecati et repellendus consequatur vel autem.',0,0,'2015-11-15 21:05:57'),(46,57,24,'Accusantium sit alias et nobis ut qui. Et quia non minus et molestias. Et quidem quia molestiae voluptatem.',0,0,'2016-07-17 08:30:54'),(47,50,77,'Aut et eius iste et voluptas. Tempore sunt dolorem sit perferendis aut fuga. Sapiente quos minus quo. Tenetur omnis omnis sunt.',0,0,'2016-03-24 23:10:20'),(48,37,51,'Sit provident quis in harum. Voluptatem quis repellendus placeat neque corrupti pariatur nesciunt qui. Cupiditate ducimus ad vel totam non est qui.',0,0,'2016-03-02 18:57:37'),(49,44,68,'Ipsum neque sed ut. Aut aut exercitationem voluptatem. Odio earum quis mollitia quia. Ut atque a architecto sunt sequi. Et quos sit possimus qui tempore quo.',0,0,'2019-01-26 11:34:52'),(50,9,37,'Excepturi voluptatem consequuntur perspiciatis saepe qui. Quaerat consequatur tenetur modi accusantium maiores non. Voluptates incidunt odio accusantium corrupti modi aliquam quod qui.',0,0,'2011-04-12 17:11:42'),(51,61,95,'Doloremque dolor voluptatem et qui. Ducimus voluptatem et consequatur. Sed recusandae incidunt qui dolorum neque excepturi. Nihil ut corporis et.',0,0,'2017-06-20 20:29:12'),(52,90,69,'Est assumenda aut quia non nemo sint est. Excepturi dignissimos quia saepe qui distinctio sint similique. Nihil deleniti distinctio distinctio voluptas animi.',0,0,'2018-06-29 16:36:53'),(53,73,60,'Eveniet dolorem in atque culpa. Ut voluptatem quia quod nemo autem ut. Suscipit et non occaecati deleniti magni aut.',0,0,'2016-04-04 03:08:46'),(54,81,27,'Et dolorem ullam omnis reprehenderit blanditiis veniam. Dolores voluptate qui et id.',0,0,'2013-03-04 09:30:01'),(55,87,58,'Accusantium quia ad qui quia. Ipsam esse magni sit quas aspernatur est doloremque. Consequatur exercitationem velit autem quia. Libero vitae est et praesentium ut pariatur.',0,0,'2015-12-29 21:53:04'),(56,29,69,'Nobis sapiente dolorum voluptas est. Omnis quod omnis consequatur omnis est eos. Qui minima ullam rerum esse nesciunt.',0,0,'2010-05-30 03:56:43'),(57,58,86,'Et autem quam nihil doloremque tenetur. Expedita consequuntur earum consequatur similique possimus a quam. Hic accusantium tempora nisi eos ut non.',0,0,'2016-09-28 07:07:35'),(58,54,12,'Est vel sed consequatur quas et eligendi tempora. Incidunt dolorem quidem sed distinctio nihil. Eos similique quis ducimus.',0,0,'2011-07-04 05:51:25'),(59,96,47,'Soluta velit inventore error incidunt non illum non. Assumenda sunt ipsam beatae provident doloribus at. Soluta eveniet similique illo fugit facilis magni et quas. Officia voluptatibus quo deleniti quibusdam praesentium.',0,0,'2019-12-06 06:30:40'),(60,47,92,'Omnis quidem inventore consectetur tempora. Omnis aspernatur labore eius est. Et natus ut tenetur cumque.',0,0,'2015-08-20 19:37:20'),(61,23,36,'Architecto ut velit mollitia explicabo est tempore eos. Incidunt repellendus quisquam eum voluptas repellat enim voluptas. Quo suscipit et ex odio quas.',0,0,'2010-06-28 23:43:48'),(62,10,40,'Alias asperiores autem est sit porro. Doloribus expedita voluptatem rerum incidunt sit et voluptatem autem. Ipsa voluptatem numquam minima. Libero deserunt quo quia enim iusto et a.',0,0,'2015-01-04 08:09:47'),(63,72,39,'Id et voluptatibus mollitia quam. Saepe impedit cum eum quia quas a sapiente. Non at sed amet quae.',0,0,'2015-07-13 00:54:50'),(64,80,84,'Eum odit accusantium cum. Soluta possimus eligendi et itaque sed. Aut qui et soluta dicta laboriosam dolor. Recusandae voluptas sit quas sunt perferendis placeat.',0,0,'2019-12-22 12:20:42'),(65,81,55,'Sunt sed assumenda porro porro occaecati laborum accusantium. Cupiditate consectetur ratione et nobis. Omnis et laboriosam accusamus praesentium tempore ex est rem. Recusandae amet optio mollitia et vel nesciunt asperiores. Eum recusandae perferendis nihil rerum.',0,0,'2017-09-24 05:50:04'),(66,30,82,'Fugiat est laudantium odit ut sunt illum. Ut magni voluptatem ut facere et. Hic beatae repellat sint excepturi natus aut nostrum. Delectus sunt nulla qui exercitationem porro.',0,0,'2010-07-15 18:39:14'),(67,24,70,'Expedita voluptatem possimus tenetur ex deserunt. Maiores molestias inventore quaerat repudiandae pariatur quis.',0,0,'2010-06-01 09:19:08'),(68,78,83,'Eos voluptates culpa doloribus ullam expedita nesciunt. Fugit quam qui qui aliquid. Alias natus quae est aspernatur molestiae asperiores.',0,0,'2015-11-07 03:56:11'),(69,82,61,'In voluptas omnis quia qui quis. Ea cum consequatur ipsum quibusdam nisi cum. Cum omnis voluptatem laudantium.',0,0,'2013-06-13 06:38:36'),(70,59,12,'At et esse dolorem non minus saepe. Porro dignissimos vel at. Repellendus est omnis doloremque non est ab repudiandae.',0,0,'2013-02-07 14:54:13'),(71,80,65,'Pariatur minima quidem ut rem blanditiis et corrupti recusandae. Optio debitis quis molestiae reprehenderit optio non rerum porro. Qui quis est aut enim est sapiente ratione perspiciatis.',0,0,'2014-06-13 03:03:13'),(72,88,44,'Unde corporis maiores facere sed. Et similique dolor ea saepe. Consequatur qui vitae nihil.',0,0,'2013-12-16 07:49:05'),(73,53,36,'Quo aut accusantium aliquid recusandae deleniti. Voluptatibus et provident aut repudiandae. Accusamus nisi ad accusamus deserunt porro. Blanditiis voluptatem sed qui at.',0,0,'2015-01-23 18:09:58'),(74,21,93,'Non qui repudiandae iste architecto aut. Voluptatibus ut consectetur atque aut rerum non. Sed voluptatem non debitis laudantium ut eaque porro. Est dolorem asperiores et rem veniam enim quia dolorem.',0,0,'2013-05-07 03:00:05'),(75,9,60,'Impedit eaque eius totam ut. Corporis omnis enim dolor sapiente animi rerum aut. Quae quos reprehenderit quidem ea quibusdam natus autem soluta.',0,0,'2019-05-03 03:02:40'),(76,75,95,'Consectetur tenetur odit quia eos. Et dignissimos et tempore sint alias. Eum fugit asperiores perspiciatis aut cupiditate et animi. Et quibusdam dicta modi blanditiis odit consectetur.',0,0,'2018-01-27 09:05:28'),(77,50,64,'Eligendi voluptate accusantium et dolorem non ad. Unde sit fuga aliquam culpa tempora architecto doloribus. Labore ut et odio cupiditate expedita quo. Aliquam ratione minima dolorum.',0,0,'2017-01-08 17:43:34'),(78,70,61,'Tenetur recusandae aliquam id error. Necessitatibus perferendis dolorum error commodi sed. Ut sed dolores nostrum velit corrupti.',0,0,'2015-01-18 07:55:43'),(79,94,89,'Ut nostrum id officia. Repellat dolorem provident ipsum et tenetur. Alias accusantium laudantium in.',0,0,'2017-06-20 12:02:08'),(80,63,46,'Et sit sed voluptas atque. Voluptates ipsum animi eveniet vitae.',0,0,'2019-05-17 21:04:13'),(81,39,60,'Est aliquam numquam sapiente qui odio minus illum voluptatem. Amet voluptatem sit quia commodi qui quia ullam. Officiis quia dignissimos qui sint qui asperiores. Repudiandae ab consequuntur rerum asperiores ut aut aut ut.',0,0,'2018-09-10 18:04:54'),(82,82,33,'Et id error eaque soluta et. Reprehenderit rem iste quisquam voluptas quas. Perspiciatis deleniti ducimus dolore nihil.',0,0,'2018-10-17 08:37:35'),(83,18,89,'Perspiciatis atque ut voluptatem hic. Quia culpa aperiam aspernatur impedit. Et dolorem omnis alias sit. Non eius et sint.',0,0,'2010-06-05 21:04:59'),(84,91,92,'Atque maiores asperiores aliquam quidem inventore omnis aspernatur. Provident optio possimus harum non omnis. Placeat inventore quia beatae sit perspiciatis sed consequuntur. Perspiciatis sed facilis omnis consequatur aut quibusdam architecto.',0,0,'2012-09-07 11:01:25'),(85,87,58,'Qui odit harum aliquid molestiae a. Repudiandae dolor sit aperiam et voluptates non quis. Nihil eveniet nam fuga molestias. Iusto repudiandae ut quae.',0,0,'2015-08-07 23:33:55'),(86,28,65,'Inventore magni quasi tempora nihil vel animi. Voluptate vel vitae dolorem eum magnam. Ipsa dignissimos ab minima cumque laborum error suscipit dolores.',0,0,'2019-06-28 21:16:10'),(87,42,15,'Molestiae corporis dignissimos nihil non nihil incidunt. Aut sed consequatur consectetur eos nemo aliquam. Expedita et animi dolores aut et sit.',0,0,'2012-09-13 14:35:07'),(88,48,94,'Nostrum sit id autem eos. Accusantium expedita asperiores reprehenderit deserunt eum sit nihil. Voluptatem vitae provident qui odit similique officiis.',0,0,'2019-04-16 12:01:10'),(89,29,62,'Quibusdam autem neque aperiam ut assumenda aut. Omnis explicabo amet cupiditate qui occaecati vel rerum nam. Autem quia distinctio voluptatem omnis ut alias.',0,0,'2018-09-09 15:06:47'),(90,23,26,'Quibusdam quis commodi soluta corrupti ut ducimus. Perferendis et et asperiores dignissimos repudiandae est. Accusantium dolore reprehenderit nemo vel. Ab molestias vitae delectus enim. Quia sit at molestiae consequuntur ab alias.',0,0,'2018-09-15 12:40:38'),(91,62,35,'Facere voluptatem earum accusantium deserunt explicabo ea. Tempora consequuntur officiis ut. Minus rerum sint totam quasi libero ullam. Sunt est occaecati tenetur.',0,0,'2014-03-21 06:55:43'),(92,84,20,'Impedit magni odit quidem sed dolore atque nobis. Voluptatem voluptatum quae tenetur excepturi quaerat. Libero dolor exercitationem dolores tempora distinctio non. Est qui amet voluptatem sunt quia mollitia.',0,0,'2011-06-30 21:36:44'),(93,47,74,'Praesentium ipsam voluptas voluptas est. Mollitia est soluta eum rerum sit laborum eum. Distinctio aspernatur sequi nemo omnis blanditiis.',0,0,'2011-07-11 01:27:03'),(94,29,23,'Voluptatem rem et mollitia et dolorem officia. Nisi neque eligendi earum consequuntur totam consectetur eum rem. Placeat qui asperiores ipsa rerum voluptate quae et eaque.',0,0,'2017-12-26 08:26:06'),(95,28,72,'Non expedita quas nam cum ut dicta. Provident officiis ut qui. Enim ut minima totam at quis.',0,0,'2019-04-02 18:55:50'),(96,76,63,'Iure non dolores sit accusamus et ut eos. Quo aperiam omnis quod quidem est alias. Repudiandae temporibus reiciendis modi ipsam fuga qui harum. Vel qui necessitatibus ut rerum et nihil quisquam.',0,0,'2011-02-28 11:24:29'),(97,87,46,'Voluptatibus ut rem in ipsam ea ut. Nemo incidunt laboriosam at quo minus provident. Voluptas quo quisquam in laudantium rerum nostrum officiis.',0,0,'2014-03-22 08:14:16'),(98,68,4,'Officiis temporibus quasi voluptatem enim sint. Dolores quia ut accusantium in. Id beatae est odit est consectetur et. Quos officiis sunt itaque et omnis et.',0,0,'2016-06-18 03:33:22'),(99,13,52,'Dolor facere molestias voluptate aliquam dolorem. Veniam qui praesentium ut quaerat enim soluta. Magnam corrupti similique maiores et repudiandae. Occaecati est aut aut sint eaque ipsam reprehenderit.',0,0,'2016-03-31 22:08:31'),(100,24,64,'Optio quia libero autem et et minus facilis. Porro autem suscipit ipsum enim dolores. Et porro quia nesciunt cupiditate quas et.',0,0,'2016-11-08 11:17:40');
/*!40000 ALTER TABLE `messages` ENABLE KEYS */;
UNLOCK TABLES;

--
-- Table structure for table `profiles`
--

DROP TABLE IF EXISTS `profiles`;
/*!40101 SET @saved_cs_client     = @@character_set_client */;
/*!50503 SET character_set_client = utf8mb4 */;
CREATE TABLE `profiles` (
  `user_id` int unsigned NOT NULL,
  `gender` char(1) CHARACTER SET utf8 COLLATE utf8_unicode_ci NOT NULL,
  `birthday` date NOT NULL,
  `city` varchar(20) CHARACTER SET utf8 COLLATE utf8_unicode_ci DEFAULT NULL,
  `country` varchar(20) CHARACTER SET utf8 COLLATE utf8_unicode_ci DEFAULT NULL,
  `photo_id` int unsigned DEFAULT NULL,
  `create_at` datetime DEFAULT CURRENT_TIMESTAMP,
  `updated_at` datetime DEFAULT CURRENT_TIMESTAMP ON UPDATE CURRENT_TIMESTAMP,
  PRIMARY KEY (`user_id`),
  KEY `index_of_photo_id` (`photo_id`)
) ENGINE=InnoDB DEFAULT CHARSET=utf8 COLLATE=utf8_unicode_ci;
/*!40101 SET character_set_client = @saved_cs_client */;

--
-- Dumping data for table `profiles`
--

LOCK TABLES `profiles` WRITE;
/*!40000 ALTER TABLE `profiles` DISABLE KEYS */;
INSERT INTO `profiles` VALUES (1,'f','1991-11-18','Kenyatown','Gambia',20,'2019-03-04 04:32:11','2020-04-01 15:39:00'),(2,'f','1981-07-11','Rodriguezberg','Reunion',52,'2015-05-13 13:52:36','2020-04-01 15:39:00'),(3,'f','1987-01-25','East Lylaport','France',1,'2016-05-30 08:18:04','2020-04-01 15:39:00'),(4,'f','1982-12-25','Dickensville','Ukraine',60,'2015-08-16 13:46:14','2020-04-01 15:39:00'),(5,'m','1982-02-24','Paulinebury','Guam',55,'2011-05-30 23:08:57','2020-04-01 15:39:00'),(6,'m','1974-02-15','North Theodoraboroug','Mali',27,'2011-06-09 04:24:38','2020-04-01 15:39:00'),(7,'m','2019-04-09','Port Merrittside','Malta',24,'2012-12-30 17:23:05','2020-04-01 15:39:00'),(8,'m','2005-11-08','South Jaylonchester','Gambia',58,'2018-11-10 06:11:19','2020-04-01 15:39:00'),(9,'m','2014-12-14','East Baronberg','Cyprus',49,'2018-11-07 13:15:22','2020-04-01 15:39:00'),(10,'f','1996-11-07','New Lincolnland','Bhutan',82,'2019-04-24 19:14:06','2020-04-01 15:39:00'),(11,'m','1980-09-03','Traceview','Madagascar',52,'2016-07-16 06:46:11','2020-04-01 15:39:00'),(12,'f','2016-01-23','Kuhlmanchester','Mayotte',1,'2017-11-06 15:55:54','2020-04-01 15:39:00'),(13,'f','1990-04-10','Leschchester','Angola',22,'2018-01-03 20:12:05','2020-04-01 15:39:00'),(14,'m','1980-08-22','Novaburgh','Niue',38,'2013-11-18 10:12:43','2020-04-01 15:39:00'),(15,'f','1977-04-16','Gleasonton','Guyana',70,'2012-12-14 02:35:54','2020-04-01 15:39:00'),(16,'m','1977-04-02','Port Octaviahaven','Brunei Darussalam',88,'2013-03-13 01:17:31','2020-04-01 15:39:00'),(17,'f','1970-06-28','Rayland','Christmas Island',3,'2011-05-17 05:18:50','2020-04-01 15:39:00'),(18,'m','1991-02-18','West Cullen','Nauru',45,'2015-10-31 00:24:01','2020-04-01 15:39:00'),(19,'m','2008-11-01','Malindamouth','Sri Lanka',54,'2015-05-27 15:45:20','2020-04-01 15:39:00'),(20,'f','1984-07-15','Auerfurt','Chile',75,'2012-04-20 06:32:55','2020-04-01 15:39:00'),(21,'f','1975-06-23','Mosheview','Tonga',60,'2017-06-04 04:48:12','2020-04-01 15:39:00'),(22,'f','1999-01-13','New Kaley','Moldova',82,'2011-01-29 06:05:02','2020-04-01 15:39:00'),(23,'m','2002-03-19','Lake Raymond','Korea',41,'2015-07-19 22:17:22','2020-04-01 15:39:00'),(24,'m','1981-08-30','South Abigail','Bouvet Island (Bouve',84,'2012-05-07 17:25:11','2020-04-01 15:39:00'),(25,'f','1970-03-30','East Madalyn','Tunisia',52,'2015-05-11 20:04:13','2020-04-01 15:39:00'),(26,'f','2013-02-09','Lake Stephen','Indonesia',26,'2019-01-27 15:36:51','2020-04-01 15:39:00'),(27,'m','1985-11-20','Kihnview','Montserrat',58,'2017-03-14 00:54:21','2020-04-01 15:39:00'),(28,'m','2000-01-17','Garrisonberg','New Zealand',79,'2011-06-17 11:35:07','2020-04-01 15:39:00'),(29,'m','1988-01-21','Jakubowskiburgh','Seychelles',45,'2019-04-07 02:48:07','2020-04-01 15:39:00'),(30,'f','1996-02-12','Feestview','Ecuador',69,'2014-03-24 10:00:40','2020-04-01 15:39:00'),(31,'m','2019-04-20','Baileyland','Aruba',18,'2013-07-17 19:00:12','2020-04-01 15:39:00'),(32,'m','2000-09-07','Wehnerhaven','Saudi Arabia',77,'2015-05-21 17:44:19','2020-04-01 15:39:00'),(33,'f','2017-12-16','North Derick','Egypt',96,'2010-07-27 04:59:08','2020-04-01 15:39:00'),(34,'m','1979-09-04','West Wilfordstad','Australia',28,'2017-06-15 03:12:43','2020-04-01 15:39:00'),(35,'f','1982-03-16','Savanahview','Latvia',58,'2011-03-04 12:40:08','2020-04-01 15:39:00'),(36,'f','2019-03-28','Klinghaven','Philippines',24,'2019-06-17 10:01:31','2020-04-01 15:39:00'),(37,'m','2009-11-26','Lake Ciceroborough','Estonia',27,'2019-01-02 00:42:22','2020-04-01 15:39:00'),(38,'f','1991-10-16','West Jaunitahaven','Northern Mariana Isl',39,'2012-01-12 00:14:00','2020-04-01 15:39:00'),(39,'f','2011-10-14','Ebonyshire','Panama',47,'2013-07-14 19:08:24','2020-04-01 15:39:00'),(40,'m','1990-09-25','East Shyannberg','Bahrain',59,'2011-06-26 02:57:50','2020-04-01 15:39:00'),(41,'f','1982-09-20','Kipport','Netherlands',76,'2018-04-26 03:03:40','2020-04-01 15:39:00'),(42,'f','1993-09-21','Port Shanie','Heard Island and McD',15,'2014-01-31 05:06:59','2020-04-01 15:39:00'),(43,'m','1977-06-23','East Lula','Colombia',80,'2016-09-27 07:10:47','2020-04-01 15:39:00'),(44,'m','1971-09-04','Aubreemouth','Benin',50,'2020-03-19 10:47:27','2020-04-01 15:39:00'),(45,'m','2014-07-28','Trudiechester','Tajikistan',39,'2014-02-21 19:32:20','2020-04-01 15:39:00'),(46,'f','2006-09-22','Jaylinmouth','United States Virgin',30,'2011-12-14 06:59:15','2020-04-01 15:39:00'),(47,'f','1985-12-12','East Erichhaven','Samoa',84,'2018-11-21 04:52:12','2020-04-01 15:39:00'),(48,'m','1989-12-25','Port Justus','Senegal',23,'2015-11-28 19:09:35','2020-04-01 15:39:00'),(49,'f','2009-06-07','Tiffanyside','Cote d\'Ivoire',82,'2014-09-26 15:07:18','2020-04-01 15:39:00'),(50,'m','1992-02-08','Pourosborough','Tajikistan',24,'2016-12-23 17:28:59','2020-04-01 15:39:00'),(51,'f','2010-06-13','Michelleburgh','Croatia',20,'2018-05-30 09:11:31','2020-04-01 15:39:00'),(52,'f','1995-06-05','New Edberg','Bahrain',70,'2010-11-02 16:43:32','2020-04-01 15:39:00'),(53,'f','2018-05-12','Swaniawskimouth','Ireland',41,'2014-07-17 19:54:02','2020-04-01 15:39:00'),(54,'m','2013-07-19','Lake Summerburgh','Benin',93,'2011-02-28 21:26:38','2020-04-01 15:39:00'),(55,'m','1994-02-08','Gorczanyfort','Reunion',18,'2013-10-20 14:53:58','2020-04-01 15:39:00'),(56,'m','2019-12-13','Blockbury','Cayman Islands',23,'2013-10-21 13:45:12','2020-04-01 15:39:00'),(57,'m','1975-06-17','East Garland','Tunisia',56,'2017-10-10 07:55:16','2020-04-01 15:39:00'),(58,'m','1989-03-14','Melodyland','Qatar',40,'2012-07-22 19:05:43','2020-04-01 15:39:00'),(59,'f','1988-09-18','Kozeyshire','British Virgin Islan',94,'2019-12-28 17:38:23','2020-04-01 15:39:00'),(60,'f','2006-05-03','Townemouth','Morocco',68,'2015-03-12 14:00:09','2020-04-01 15:39:00'),(61,'f','1977-05-26','Port Wandachester','Eritrea',5,'2015-09-23 01:58:32','2020-04-01 15:39:00'),(62,'f','1973-12-05','Port Eli','Grenada',18,'2014-07-30 23:18:07','2020-04-01 15:39:00'),(63,'f','2015-05-15','Clintville','Pakistan',44,'2018-04-09 22:06:53','2020-04-01 15:39:00'),(64,'f','1978-05-06','Madelinemouth','Pakistan',62,'2012-04-19 21:57:21','2020-04-01 15:39:00'),(65,'f','2005-03-28','Carolynebury','Zimbabwe',39,'2014-12-24 22:25:50','2020-04-01 15:39:00'),(66,'f','1993-10-11','West Finn','Timor-Leste',62,'2011-07-05 21:21:40','2020-04-01 15:39:00'),(67,'f','1992-03-15','Kuphalmouth','Monaco',75,'2017-01-19 07:58:53','2020-04-01 15:39:00'),(68,'f','2016-10-18','Emiliamouth','Mayotte',88,'2019-03-01 10:43:58','2020-04-01 15:39:00'),(69,'f','1999-07-03','Port Petefurt','Comoros',50,'2017-03-17 04:17:12','2020-04-01 15:39:00'),(70,'m','2005-09-01','North Reymundo','British Indian Ocean',58,'2019-12-10 04:21:16','2020-04-01 15:39:00'),(71,'m','2013-01-17','Lake Paxton','United Arab Emirates',56,'2010-07-07 16:45:14','2020-04-01 15:39:00'),(72,'m','2011-12-19','Lake Aaron','Heard Island and McD',7,'2011-11-13 15:17:59','2020-04-01 15:39:00'),(73,'m','2008-10-25','East Ricardochester','Malawi',62,'2013-10-25 02:39:02','2020-04-01 15:39:00'),(74,'m','1990-03-11','Claudstad','Argentina',50,'2012-08-03 14:29:56','2020-04-01 15:39:00'),(75,'f','1977-03-14','West Elvera','Solomon Islands',86,'2013-08-22 03:06:19','2020-04-01 15:39:00'),(76,'f','1971-01-31','West Lilyan','British Indian Ocean',64,'2017-07-08 19:50:20','2020-04-01 15:39:00'),(77,'m','1987-05-25','Leonelville','Saint Barthelemy',21,'2016-04-02 16:30:30','2020-04-01 15:39:00'),(78,'m','2016-03-27','South Kim','Nauru',8,'2014-02-21 20:29:41','2020-04-01 15:39:00'),(79,'f','2000-12-06','South Leratown','Kazakhstan',72,'2019-11-02 16:32:10','2020-04-01 15:39:00'),(80,'m','1987-12-19','Legrosshire','Singapore',6,'2019-05-30 15:09:37','2020-04-01 15:39:00'),(81,'m','2019-07-01','Harveyhaven','Cambodia',43,'2010-12-10 21:51:28','2020-04-01 15:39:00'),(82,'f','2018-01-20','North Cole','Germany',75,'2016-11-15 17:13:27','2020-04-01 15:39:00'),(83,'m','2001-10-20','East Eusebiofort','Martinique',31,'2016-04-30 18:45:17','2020-04-01 15:39:00'),(84,'m','1986-02-08','Port Jaycee','Bolivia',25,'2014-02-05 00:36:04','2020-04-01 15:39:00'),(85,'m','1977-04-19','Torphyshire','Kazakhstan',67,'2016-08-15 02:15:30','2020-04-01 15:39:00'),(86,'f','1994-07-06','North Hillard','Ethiopia',14,'2011-09-09 02:43:33','2020-04-01 15:39:00'),(87,'f','1970-01-17','West Kiarra','Cook Islands',7,'2011-02-17 16:42:47','2020-04-01 15:39:00'),(88,'m','1982-08-19','New Marietta','France',15,'2015-09-16 07:13:11','2020-04-01 15:39:00'),(89,'f','2006-12-19','South Asa','Malawi',89,'2012-03-29 13:42:47','2020-04-01 15:39:00'),(90,'m','2015-11-03','South Savanah','Mexico',38,'2011-06-29 04:29:01','2020-04-01 15:39:00'),(91,'f','1993-06-12','West Miles','Christmas Island',87,'2011-04-01 01:01:53','2020-04-01 15:39:00'),(92,'m','1976-06-24','Antoinettestad','Jamaica',20,'2019-03-10 13:02:46','2020-04-01 15:39:00'),(93,'f','1971-07-04','Sandraberg','Bahrain',35,'2013-04-07 16:44:48','2020-04-01 15:39:00'),(94,'f','1996-12-29','Greenfurt','Zimbabwe',58,'2012-06-04 01:30:54','2020-04-01 15:39:00'),(95,'m','2018-12-20','South Kennedytown','Antigua and Barbuda',100,'2013-04-12 05:50:42','2020-04-01 15:39:00'),(96,'m','1983-06-22','North Celestine','Guinea',95,'2010-09-26 17:25:08','2020-04-01 15:39:00'),(97,'m','1992-04-23','Quitzonborough','Cambodia',44,'2013-01-17 00:57:23','2020-04-01 15:39:00'),(98,'m','1987-07-31','Jarrodmouth','Brazil',69,'2015-10-03 15:47:03','2020-04-01 15:39:00'),(99,'m','1984-12-26','Mackenzietown','Algeria',2,'2017-09-18 17:49:49','2020-04-01 15:39:00'),(100,'m','1984-10-29','Beulahton','Lesotho',31,'2020-03-26 06:31:03','2020-04-01 15:39:00');
/*!40000 ALTER TABLE `profiles` ENABLE KEYS */;
UNLOCK TABLES;

--
-- Table structure for table `users`
--

DROP TABLE IF EXISTS `users`;
/*!40101 SET @saved_cs_client     = @@character_set_client */;
/*!50503 SET character_set_client = utf8mb4 */;
CREATE TABLE `users` (
  `id` int unsigned NOT NULL AUTO_INCREMENT,
  `first_name` varchar(50) CHARACTER SET utf8 COLLATE utf8_unicode_ci NOT NULL,
  `last_name` varchar(50) CHARACTER SET utf8 COLLATE utf8_unicode_ci NOT NULL,
  `email` varchar(100) CHARACTER SET utf8 COLLATE utf8_unicode_ci NOT NULL,
  `phone` varchar(13) COLLATE utf8_unicode_ci NOT NULL,
  `create_at` datetime DEFAULT CURRENT_TIMESTAMP,
  `updated_at` datetime DEFAULT CURRENT_TIMESTAMP ON UPDATE CURRENT_TIMESTAMP,
  PRIMARY KEY (`id`),
  UNIQUE KEY `email` (`email`),
  UNIQUE KEY `phone` (`phone`),
  UNIQUE KEY `phone_2` (`phone`)
) ENGINE=InnoDB AUTO_INCREMENT=101 DEFAULT CHARSET=utf8 COLLATE=utf8_unicode_ci;
/*!40101 SET character_set_client = @saved_cs_client */;

--
-- Dumping data for table `users`
--

LOCK TABLES `users` WRITE;
/*!40000 ALTER TABLE `users` DISABLE KEYS */;
INSERT INTO `users` VALUES (1,'Frederique','Anderson','lucienne.murray@example.org','755.725.99196','2020-03-03 07:02:00','2020-04-01 15:14:27'),(2,'Jeramy','Keeling','ymayert@example.net','149.704.88484','2011-03-23 15:02:12','2020-04-01 15:14:27'),(3,'Elouise','Price','boehm.kaya@example.com','(760)761-1831','2016-02-02 00:35:19','2020-04-01 15:14:27'),(4,'Jena','Hettinger','khermiston@example.org','(664)646-1805','2017-03-25 13:49:55','2020-04-01 15:14:27'),(5,'Glenna','Quitzon','skris@example.com','709.231.15536','2011-01-17 01:15:26','2020-04-01 15:14:27'),(6,'Darrick','Torp','heaven68@example.com','1-185-500-163','2014-06-26 17:02:47','2020-04-01 15:14:27'),(7,'Alex','Schmeler','stoltenberg.humberto@example.org','+15(3)0161908','2010-11-18 13:41:38','2020-04-01 15:14:27'),(8,'Dayana','Muller','jaden07@example.net','611.184.23354','2019-09-22 10:06:09','2020-04-01 15:14:27'),(9,'Ernestina','Collins','wuckert.olen@example.net','(672)643-1743','2015-09-08 18:01:06','2020-04-01 15:14:27'),(10,'Victor','Hermann','rvon@example.org','+91(5)8848756','2016-05-24 11:42:05','2020-04-01 15:14:27'),(11,'Albertha','Mayert','keagan.west@example.com','618-948-89555','2017-11-23 02:00:11','2020-04-01 15:14:27'),(12,'Sarai','Schoen','gmedhurst@example.org','0887783544404','2012-11-18 09:15:33','2020-04-01 15:14:27'),(13,'Electa','Runolfsson','reginald36@example.net','210-792-77259','2012-11-19 17:06:43','2020-04-01 15:14:27'),(14,'Gregg','Kub','werner77@example.net','825-826-82880','2019-12-30 14:37:38','2020-04-01 15:14:27'),(15,'Elyse','Bins','sipes.delbert@example.com','309.739.44825','2011-01-22 04:05:18','2020-04-01 15:14:27'),(16,'Ezra','Runolfsson','jroberts@example.com','0986067371490','2018-06-06 02:55:34','2020-04-01 15:14:27'),(17,'Dorian','Williamson','pratke@example.net','1-364-659-773','2016-06-10 07:39:43','2020-04-01 15:14:27'),(18,'Sylvia','Sipes','koepp.cathy@example.org','313.610.18497','2013-02-23 08:51:37','2020-04-01 15:14:27'),(19,'Lewis','Kuhn','keeling.chaim@example.net','(432)276-4967','2018-04-19 16:35:01','2020-04-01 15:14:27'),(20,'Dashawn','Howe','vjacobson@example.net','976-111-02548','2015-04-05 09:53:48','2020-04-01 15:14:27'),(21,'Mattie','Shields','swaniawski.otilia@example.org','(802)329-0636','2015-07-29 14:18:09','2020-04-01 15:14:27'),(22,'Alexandra','Nienow','taryn16@example.com','(868)546-6539','2018-10-25 21:41:37','2020-04-01 15:14:27'),(23,'Wilburn','Gaylord','braun.annamarie@example.net','(184)653-8689','2014-01-12 07:42:47','2020-04-01 15:14:27'),(24,'Marcelle','Reilly','kristin.kunde@example.com','(363)324-7827','2013-12-14 03:32:44','2020-04-01 15:14:27'),(25,'Maryse','Keebler','xbogisich@example.com','857-101-49169','2016-12-16 19:47:58','2020-04-01 15:14:27'),(26,'Christ','Schumm','wiegand.ruthe@example.com','(099)026-1965','2017-07-06 19:32:20','2020-04-01 15:14:27'),(27,'Elza','Blick','qklocko@example.com','945-684-47619','2010-05-06 09:54:00','2020-04-01 15:14:27'),(28,'Orie','Christiansen','april.nader@example.org','(725)451-4103','2012-10-18 01:45:55','2020-04-01 15:14:27'),(29,'Marcel','Moen','retha.stokes@example.com','364.329.53358','2016-04-15 18:03:25','2020-04-01 15:14:27'),(30,'Dale','McKenzie','kenton.legros@example.com','312-737-07480','2019-10-28 21:26:08','2020-04-01 15:14:27'),(31,'Tanya','Nolan','brionna22@example.org','(469)822-9328','2015-05-30 10:22:12','2020-04-01 15:14:27'),(32,'Guy','Daniel','bennett41@example.net','183-680-92101','2019-07-04 12:24:04','2020-04-01 15:14:27'),(33,'Anjali','Hammes','zorn@example.net','1-354-831-319','2019-07-17 05:04:28','2020-04-01 15:14:27'),(34,'Terrence','Schroeder','vada32@example.net','1-201-810-293','2018-03-16 03:34:15','2020-04-01 15:14:27'),(35,'Meghan','Gottlieb','mollie.wilkinson@example.net','1-405-125-408','2014-12-04 08:46:49','2020-04-01 15:14:27'),(36,'Verlie','Mraz','selena53@example.net','(639)502-2162','2018-06-22 18:08:01','2020-04-01 15:14:27'),(37,'Frida','Lesch','lorenza64@example.net','921.689.94385','2018-01-16 06:20:52','2020-04-01 15:14:27'),(38,'Hyman','Feeney','gottlieb.edd@example.net','267.486.43441','2016-05-10 07:34:33','2020-04-01 15:14:27'),(39,'Payton','Von','adan.aufderhar@example.net','+05(0)9532953','2019-06-09 22:57:03','2020-04-01 15:14:27'),(40,'Kelsi','Carroll','zbartell@example.net','1-020-682-643','2010-10-10 12:19:55','2020-04-01 15:14:27'),(41,'Kim','Buckridge','rgutkowski@example.org','1-630-763-255','2017-06-06 19:33:36','2020-04-01 15:14:27'),(42,'Laurel','Pacocha','estevan.pfeffer@example.com','(529)220-1147','2018-01-23 17:13:48','2020-04-01 15:14:27'),(43,'Dortha','Harris','ignacio94@example.org','676.156.97772','2016-04-01 19:02:07','2020-04-01 15:14:27'),(44,'Ashleigh','Dietrich','jennifer.stoltenberg@example.net','285-389-37619','2011-08-18 10:43:26','2020-04-01 15:14:27'),(45,'Katarina','Hane','schuppe.casimer@example.com','806.388.71680','2018-10-29 01:36:19','2020-04-01 15:14:27'),(46,'Nella','Goyette','murphy06@example.com','324-103-02543','2016-04-13 15:04:35','2020-04-01 15:14:27'),(47,'Winston','Marvin','letha.kling@example.net','1-831-420-579','2012-12-08 23:40:15','2020-04-01 15:14:27'),(48,'Marielle','Hagenes','altenwerth.cydney@example.com','(786)512-3264','2010-06-16 15:18:47','2020-04-01 15:14:27'),(49,'Theodora','Reichert','ethelyn46@example.com','1-179-652-386','2018-01-29 17:15:12','2020-04-01 15:14:27'),(50,'Carlos','Wisozk','rosalinda00@example.net','839-288-27137','2012-04-15 04:19:05','2020-04-01 15:14:27'),(51,'Jessy','Kiehn','jasmin.jast@example.net','924-774-09327','2013-10-05 02:34:46','2020-04-01 15:14:27'),(52,'Bryce','Braun','zjacobson@example.com','315.732.98224','2011-07-05 19:56:06','2020-04-01 15:14:27'),(53,'Theresia','O\'Connell','breanna62@example.net','1-591-326-941','2010-08-20 06:02:55','2020-04-01 15:14:27'),(54,'Roy','Klein','vgusikowski@example.net','1-312-201-337','2013-02-07 10:20:42','2020-04-01 15:14:27'),(55,'Mellie','Schroeder','yhegmann@example.net','0118232348560','2017-09-03 15:29:01','2020-04-01 15:14:27'),(56,'Rogers','Ryan','davis.arthur@example.com','712.101.40791','2018-03-27 11:59:54','2020-04-01 15:14:27'),(57,'Jayden','Davis','alexane27@example.org','233.150.75376','2017-01-29 01:53:56','2020-04-01 15:14:27'),(58,'Cheyenne','Ratke','lucile07@example.org','569.724.55306','2010-06-25 17:44:48','2020-04-01 15:14:27'),(59,'Edyth','Reynolds','theodore25@example.org','(231)241-2301','2011-04-24 15:05:16','2020-04-01 15:14:27'),(60,'Kristina','Hand','santiago.okuneva@example.net','245-854-12491','2020-03-03 22:28:12','2020-04-01 15:14:27'),(61,'Alvera','Koelpin','schuster.joan@example.org','0974672655553','2016-05-27 22:56:39','2020-04-01 15:14:27'),(62,'Keeley','Kreiger','kuhic.darby@example.net','+47(6)6401295','2013-04-12 20:33:30','2020-04-01 15:14:27'),(63,'Felipa','Jast','rod44@example.com','405-682-38614','2018-02-02 15:41:43','2020-04-01 15:14:27'),(64,'Gregorio','Kutch','uryan@example.net','(467)351-5287','2012-02-01 09:06:34','2020-04-01 15:14:27'),(65,'Garth','Keebler','bogan.jacky@example.org','(006)286-5392','2014-01-25 01:46:18','2020-04-01 15:14:27'),(66,'Heaven','Durgan','reinger.allen@example.org','689.087.90103','2012-05-08 02:22:16','2020-04-01 15:14:27'),(67,'Julia','Stroman','qdeckow@example.net','0633827306136','2018-03-01 10:17:50','2020-04-01 15:14:27'),(68,'Lora','Rath','jhessel@example.net','(301)208-4273','2016-09-30 00:12:20','2020-04-01 15:14:27'),(69,'Sandy','Stehr','dillon.pagac@example.org','1-367-277-858','2013-09-08 10:34:36','2020-04-01 15:14:27'),(70,'Mae','Frami','stoy@example.net','(423)717-1673','2010-10-30 17:26:00','2020-04-01 15:14:27'),(71,'Annabel','Ortiz','hollie.cassin@example.org','568-217-82692','2010-11-30 22:18:44','2020-04-01 15:14:27'),(72,'Yvette','Prosacco','batz.arthur@example.com','1-211-621-443','2016-04-25 15:19:19','2020-04-01 15:14:27'),(73,'Floy','Dach','kaitlin.aufderhar@example.com','565.319.86936','2012-03-17 22:56:00','2020-04-01 15:14:27'),(74,'Paige','Sipes','quitzon.concepcion@example.org','333.474.07558','2013-08-05 05:29:18','2020-04-01 15:14:27'),(75,'Larissa','Bogisich','becker.vincenzo@example.net','(990)312-0778','2019-10-28 18:18:31','2020-04-01 15:14:27'),(76,'Timothy','Kub','nkling@example.net','(059)229-5320','2016-05-20 12:56:15','2020-04-01 15:14:27'),(77,'Tina','Hilll','schumm.telly@example.org','511.264.85966','2011-07-10 01:39:55','2020-04-01 15:14:27'),(78,'Lucas','Runolfsson','athena18@example.org','1-478-449-173','2018-08-31 22:32:11','2020-04-01 15:14:27'),(79,'Blake','Sawayn','atrantow@example.net','963.967.27566','2016-04-13 18:30:45','2020-04-01 15:14:27'),(80,'Jacinthe','Dickinson','william66@example.net','+08(8)5740413','2013-08-22 01:15:08','2020-04-01 15:14:27'),(81,'Daphney','Cronin','odessa92@example.com','+55(5)9029266','2014-08-02 23:18:10','2020-04-01 15:14:27'),(82,'Jakayla','Wolf','layne13@example.org','1-251-248-892','2019-11-15 12:40:58','2020-04-01 15:14:27'),(83,'Tremaine','Monahan','doris41@example.org','+60(7)8041864','2011-02-13 04:53:01','2020-04-01 15:14:27'),(84,'Golden','Denesik','laverne73@example.net','419.422.59644','2012-08-01 19:57:49','2020-04-01 15:14:27'),(85,'Rylee','Keeling','uriah38@example.com','(329)272-3532','2010-12-06 19:41:51','2020-04-01 15:14:27'),(86,'Ada','Wintheiser','bschneider@example.com','1-499-775-628','2019-01-02 16:51:21','2020-04-01 15:14:27'),(87,'Eriberto','Erdman','legros.allan@example.net','(045)000-9544','2011-04-09 15:01:04','2020-04-01 15:14:27'),(88,'Ellen','Pfeffer','ddonnelly@example.com','244-073-12736','2016-01-17 21:50:11','2020-04-01 15:14:27'),(89,'Layla','Hauck','ortiz.cicero@example.org','131-471-19150','2018-05-10 06:08:10','2020-04-01 15:14:27'),(90,'Precious','Conroy','lcollier@example.net','1-104-237-242','2012-03-30 17:09:52','2020-04-01 15:14:27'),(91,'Destany','Breitenberg','ludwig02@example.net','266-739-33662','2016-08-27 11:30:16','2020-04-01 15:14:27'),(92,'Janie','Strosin','nrunolfsson@example.com','1-296-197-684','2016-04-17 08:16:05','2020-04-01 15:14:27'),(93,'Elisa','Kertzmann','rbogan@example.com','+44(7)7775438','2012-12-05 14:13:48','2020-04-01 15:14:27'),(94,'Pearline','Stracke','oceane.graham@example.net','844.966.82935','2016-10-22 21:53:19','2020-04-01 15:14:27'),(95,'Bria','Koelpin','brigitte08@example.com','074-638-53564','2011-02-24 04:05:24','2020-04-01 15:14:27'),(96,'Kristina','Schaefer','justyn.gutmann@example.net','+57(0)7504817','2016-01-01 19:45:29','2020-04-01 15:14:27'),(97,'Kiara','Wolf','merlin.harvey@example.com','0043354482493','2017-05-20 10:38:57','2020-04-01 15:14:27'),(98,'Rodrick','Dicki','bhomenick@example.com','681-727-82814','2017-08-12 14:24:51','2020-04-01 15:14:27'),(99,'Chelsea','Mayert','otilia.jerde@example.net','944-592-53693','2016-10-23 07:18:14','2020-04-01 15:14:27'),(100,'Mya','Klein','oboehm@example.com','1-070-118-926','2018-10-29 00:50:21','2020-04-01 15:14:27');
/*!40000 ALTER TABLE `users` ENABLE KEYS */;
UNLOCK TABLES;
/*!40103 SET TIME_ZONE=@OLD_TIME_ZONE */;

/*!40101 SET SQL_MODE=@OLD_SQL_MODE */;
/*!40014 SET FOREIGN_KEY_CHECKS=@OLD_FOREIGN_KEY_CHECKS */;
/*!40014 SET UNIQUE_CHECKS=@OLD_UNIQUE_CHECKS */;
/*!40101 SET CHARACTER_SET_CLIENT=@OLD_CHARACTER_SET_CLIENT */;
/*!40101 SET CHARACTER_SET_RESULTS=@OLD_CHARACTER_SET_RESULTS */;
/*!40101 SET COLLATION_CONNECTION=@OLD_COLLATION_CONNECTION */;
/*!40111 SET SQL_NOTES=@OLD_SQL_NOTES */;

-- Dump completed on 2020-04-01 18:06:34
