#
# TABLE STRUCTURE FOR: communities
#

DROP TABLE IF EXISTS `communities`;

CREATE TABLE `communities` (
  `id` int(10) unsigned NOT NULL AUTO_INCREMENT,
  `name` varchar(150) COLLATE utf8_unicode_ci NOT NULL,
  `created_at` datetime DEFAULT current_timestamp(),
  PRIMARY KEY (`id`),
  UNIQUE KEY `name` (`name`)
) ENGINE=InnoDB AUTO_INCREMENT=101 DEFAULT CHARSET=utf8 COLLATE=utf8_unicode_ci;

INSERT INTO `communities` (`id`, `name`, `created_at`) VALUES (1, 'leannondaugherty', '2011-08-17 21:08:53');
INSERT INTO `communities` (`id`, `name`, `created_at`) VALUES (2, 'jacobsnikolaus', '2019-05-31 18:02:55');
INSERT INTO `communities` (`id`, `name`, `created_at`) VALUES (3, 'gleason', '2011-01-23 16:09:02');
INSERT INTO `communities` (`id`, `name`, `created_at`) VALUES (4, 'bailey', '2017-01-27 07:45:35');
INSERT INTO `communities` (`id`, `name`, `created_at`) VALUES (5, 'stamm', '2013-09-13 20:36:20');
INSERT INTO `communities` (`id`, `name`, `created_at`) VALUES (6, 'donnelly', '2016-01-25 02:53:55');
INSERT INTO `communities` (`id`, `name`, `created_at`) VALUES (7, 'boyer', '2016-09-27 14:56:43');
INSERT INTO `communities` (`id`, `name`, `created_at`) VALUES (8, 'beier', '2018-04-04 16:57:42');
INSERT INTO `communities` (`id`, `name`, `created_at`) VALUES (9, 'west', '2010-11-26 09:48:46');
INSERT INTO `communities` (`id`, `name`, `created_at`) VALUES (10, 'larson', '2018-02-01 16:21:51');
INSERT INTO `communities` (`id`, `name`, `created_at`) VALUES (11, 'breitenberg', '2010-04-30 17:27:09');
INSERT INTO `communities` (`id`, `name`, `created_at`) VALUES (12, 'pfefferswift', '2015-03-07 10:47:05');
INSERT INTO `communities` (`id`, `name`, `created_at`) VALUES (13, 'trantow', '2014-02-12 16:49:35');
INSERT INTO `communities` (`id`, `name`, `created_at`) VALUES (14, 'quigleypurdy', '2013-08-17 02:42:01');
INSERT INTO `communities` (`id`, `name`, `created_at`) VALUES (15, 'mcclure', '2019-11-13 00:45:16');
INSERT INTO `communities` (`id`, `name`, `created_at`) VALUES (16, 'hirthe', '2014-12-20 01:47:01');
INSERT INTO `communities` (`id`, `name`, `created_at`) VALUES (17, 'fisher', '2013-03-18 06:56:45');
INSERT INTO `communities` (`id`, `name`, `created_at`) VALUES (18, 'beer', '2011-07-09 01:14:43');
INSERT INTO `communities` (`id`, `name`, `created_at`) VALUES (19, 'shanahan', '2010-11-22 14:04:58');
INSERT INTO `communities` (`id`, `name`, `created_at`) VALUES (20, 'hamillhirthe', '2018-08-27 23:17:22');
INSERT INTO `communities` (`id`, `name`, `created_at`) VALUES (21, 'kirlin', '2016-11-04 16:48:41');
INSERT INTO `communities` (`id`, `name`, `created_at`) VALUES (22, 'homenickleffler', '2019-07-19 04:47:28');
INSERT INTO `communities` (`id`, `name`, `created_at`) VALUES (23, 'paucek', '2011-10-03 16:47:22');
INSERT INTO `communities` (`id`, `name`, `created_at`) VALUES (24, 'wehner', '2015-11-05 14:08:26');
INSERT INTO `communities` (`id`, `name`, `created_at`) VALUES (25, 'hodkiewicz', '2013-08-11 18:02:32');
INSERT INTO `communities` (`id`, `name`, `created_at`) VALUES (26, 'reynolds', '2019-02-24 07:09:06');
INSERT INTO `communities` (`id`, `name`, `created_at`) VALUES (27, 'oberbrunner', '2013-05-07 02:34:23');
INSERT INTO `communities` (`id`, `name`, `created_at`) VALUES (28, 'nienow', '2018-11-12 07:20:27');
INSERT INTO `communities` (`id`, `name`, `created_at`) VALUES (29, 'kshlerin', '2018-08-22 09:56:13');
INSERT INTO `communities` (`id`, `name`, `created_at`) VALUES (30, 'koelpinrath', '2019-07-12 04:22:49');
INSERT INTO `communities` (`id`, `name`, `created_at`) VALUES (31, 'davis', '2016-03-28 10:45:56');
INSERT INTO `communities` (`id`, `name`, `created_at`) VALUES (32, 'quitzon', '2017-09-25 03:56:29');
INSERT INTO `communities` (`id`, `name`, `created_at`) VALUES (33, 'dubuque', '2013-01-18 16:03:02');
INSERT INTO `communities` (`id`, `name`, `created_at`) VALUES (34, 'mullerkoch', '2020-01-01 10:17:57');
INSERT INTO `communities` (`id`, `name`, `created_at`) VALUES (35, 'kertzmannauer', '2018-06-17 05:10:46');
INSERT INTO `communities` (`id`, `name`, `created_at`) VALUES (36, 'marks', '2018-05-28 17:02:38');
INSERT INTO `communities` (`id`, `name`, `created_at`) VALUES (37, 'reichertberge', '2019-06-19 13:08:30');
INSERT INTO `communities` (`id`, `name`, `created_at`) VALUES (38, 'lueilwitzlakin', '2013-01-25 06:07:30');
INSERT INTO `communities` (`id`, `name`, `created_at`) VALUES (39, 'riceflatley', '2012-08-04 14:38:13');
INSERT INTO `communities` (`id`, `name`, `created_at`) VALUES (40, 'beatty', '2017-08-23 22:54:38');
INSERT INTO `communities` (`id`, `name`, `created_at`) VALUES (41, 'mohr', '2019-04-24 19:36:58');
INSERT INTO `communities` (`id`, `name`, `created_at`) VALUES (42, 'goodwin', '2013-03-23 20:11:41');
INSERT INTO `communities` (`id`, `name`, `created_at`) VALUES (43, 'franecki', '2012-04-15 20:42:50');
INSERT INTO `communities` (`id`, `name`, `created_at`) VALUES (44, 'stark', '2017-11-06 11:09:05');
INSERT INTO `communities` (`id`, `name`, `created_at`) VALUES (45, 'waelchi', '2012-02-11 10:38:43');
INSERT INTO `communities` (`id`, `name`, `created_at`) VALUES (46, 'townebayer', '2019-01-19 20:20:15');
INSERT INTO `communities` (`id`, `name`, `created_at`) VALUES (47, 'fisherschoen', '2018-10-29 07:21:10');
INSERT INTO `communities` (`id`, `name`, `created_at`) VALUES (48, 'keebler', '2015-10-13 02:17:00');
INSERT INTO `communities` (`id`, `name`, `created_at`) VALUES (49, 'wisoky', '2015-05-21 08:02:09');
INSERT INTO `communities` (`id`, `name`, `created_at`) VALUES (50, 'rathtowne', '2012-04-11 05:51:38');
INSERT INTO `communities` (`id`, `name`, `created_at`) VALUES (51, 'dare', '2017-03-01 03:59:04');
INSERT INTO `communities` (`id`, `name`, `created_at`) VALUES (52, 'quigleycrooks', '2016-09-29 04:18:35');
INSERT INTO `communities` (`id`, `name`, `created_at`) VALUES (53, 'walsh', '2014-04-04 18:22:05');
INSERT INTO `communities` (`id`, `name`, `created_at`) VALUES (54, 'corkery', '2019-01-14 08:48:52');
INSERT INTO `communities` (`id`, `name`, `created_at`) VALUES (55, 'buckridge', '2016-06-27 16:41:19');
INSERT INTO `communities` (`id`, `name`, `created_at`) VALUES (56, 'konopelskiyost', '2019-09-24 10:37:10');
INSERT INTO `communities` (`id`, `name`, `created_at`) VALUES (57, 'reynoldsaufderhar', '2016-01-18 22:04:37');
INSERT INTO `communities` (`id`, `name`, `created_at`) VALUES (58, 'watsica', '2010-11-04 08:46:04');
INSERT INTO `communities` (`id`, `name`, `created_at`) VALUES (59, 'roweupton', '2014-08-16 08:38:21');
INSERT INTO `communities` (`id`, `name`, `created_at`) VALUES (60, 'gerhold', '2019-03-21 17:18:28');
INSERT INTO `communities` (`id`, `name`, `created_at`) VALUES (61, 'koss', '2012-09-18 05:59:09');
INSERT INTO `communities` (`id`, `name`, `created_at`) VALUES (62, 'ebert', '2010-08-31 17:02:47');
INSERT INTO `communities` (`id`, `name`, `created_at`) VALUES (63, 'jacobsonharber', '2011-07-19 02:09:22');
INSERT INTO `communities` (`id`, `name`, `created_at`) VALUES (64, 'kessler', '2011-10-24 05:33:37');
INSERT INTO `communities` (`id`, `name`, `created_at`) VALUES (65, 'joneshamill', '2019-02-23 18:01:13');
INSERT INTO `communities` (`id`, `name`, `created_at`) VALUES (66, 'zulauf', '2014-08-23 08:15:01');
INSERT INTO `communities` (`id`, `name`, `created_at`) VALUES (67, 'simonis', '2013-11-25 08:50:32');
INSERT INTO `communities` (`id`, `name`, `created_at`) VALUES (68, 'spinka', '2011-10-16 19:01:21');
INSERT INTO `communities` (`id`, `name`, `created_at`) VALUES (69, 'trantowmcclure', '2015-01-23 06:14:32');
INSERT INTO `communities` (`id`, `name`, `created_at`) VALUES (70, 'bernhard', '2016-11-26 11:31:33');
INSERT INTO `communities` (`id`, `name`, `created_at`) VALUES (71, 'tromp', '2018-04-27 06:45:16');
INSERT INTO `communities` (`id`, `name`, `created_at`) VALUES (72, 'homenick', '2017-04-01 09:13:06');
INSERT INTO `communities` (`id`, `name`, `created_at`) VALUES (73, 'luettgen', '2018-11-19 13:13:45');
INSERT INTO `communities` (`id`, `name`, `created_at`) VALUES (74, 'kohler', '2014-08-28 09:29:32');
INSERT INTO `communities` (`id`, `name`, `created_at`) VALUES (75, 'keeling', '2015-01-03 16:36:13');
INSERT INTO `communities` (`id`, `name`, `created_at`) VALUES (76, 'wolf', '2016-03-17 15:13:54');
INSERT INTO `communities` (`id`, `name`, `created_at`) VALUES (77, 'barrows', '2018-05-11 18:40:23');
INSERT INTO `communities` (`id`, `name`, `created_at`) VALUES (78, 'hackettbogan', '2015-08-09 15:19:36');
INSERT INTO `communities` (`id`, `name`, `created_at`) VALUES (79, 'lesch', '2012-04-10 11:55:37');
INSERT INTO `communities` (`id`, `name`, `created_at`) VALUES (80, 'herzog', '2010-09-21 17:27:19');
INSERT INTO `communities` (`id`, `name`, `created_at`) VALUES (81, 'kerluke', '2013-10-18 12:34:05');
INSERT INTO `communities` (`id`, `name`, `created_at`) VALUES (82, 'bartonupton', '2018-09-17 23:10:43');
INSERT INTO `communities` (`id`, `name`, `created_at`) VALUES (83, 'feil', '2016-01-19 03:32:44');
INSERT INTO `communities` (`id`, `name`, `created_at`) VALUES (84, 'volkman', '2019-12-26 11:04:11');
INSERT INTO `communities` (`id`, `name`, `created_at`) VALUES (85, 'tillman', '2016-02-08 02:29:43');
INSERT INTO `communities` (`id`, `name`, `created_at`) VALUES (86, 'hammesfay', '2013-02-21 13:15:39');
INSERT INTO `communities` (`id`, `name`, `created_at`) VALUES (87, 'kshlerinohara', '2017-10-16 05:43:06');
INSERT INTO `communities` (`id`, `name`, `created_at`) VALUES (88, 'bayer', '2014-07-17 11:50:31');
INSERT INTO `communities` (`id`, `name`, `created_at`) VALUES (89, 'schoenokon', '2014-09-28 06:36:36');
INSERT INTO `communities` (`id`, `name`, `created_at`) VALUES (90, 'renner', '2015-12-01 08:23:58');
INSERT INTO `communities` (`id`, `name`, `created_at`) VALUES (91, 'jenkinssenger', '2017-11-02 19:21:03');
INSERT INTO `communities` (`id`, `name`, `created_at`) VALUES (92, 'reinger', '2019-09-28 17:59:19');
INSERT INTO `communities` (`id`, `name`, `created_at`) VALUES (93, 'schmidtsipes', '2015-01-13 16:43:57');
INSERT INTO `communities` (`id`, `name`, `created_at`) VALUES (94, 'rempel', '2013-08-23 13:11:29');
INSERT INTO `communities` (`id`, `name`, `created_at`) VALUES (95, 'rutherford', '2018-06-17 10:14:46');
INSERT INTO `communities` (`id`, `name`, `created_at`) VALUES (96, 'mantemitchell', '2015-04-20 01:20:57');
INSERT INTO `communities` (`id`, `name`, `created_at`) VALUES (97, 'jakubowski', '2010-04-21 03:56:08');
INSERT INTO `communities` (`id`, `name`, `created_at`) VALUES (98, 'leschemmerich', '2016-03-27 09:05:47');
INSERT INTO `communities` (`id`, `name`, `created_at`) VALUES (99, 'krajcikhettinger', '2013-03-27 11:13:18');
INSERT INTO `communities` (`id`, `name`, `created_at`) VALUES (100, 'torphy', '2013-04-28 02:30:25');


#
# TABLE STRUCTURE FOR: communities_users
#

DROP TABLE IF EXISTS `communities_users`;

CREATE TABLE `communities_users` (
  `community_id` int(10) unsigned NOT NULL,
  `user_id` int(10) unsigned NOT NULL,
  PRIMARY KEY (`community_id`,`user_id`)
) ENGINE=InnoDB DEFAULT CHARSET=utf8 COLLATE=utf8_unicode_ci;

INSERT INTO `communities_users` (`community_id`, `user_id`) VALUES (1, 1);
INSERT INTO `communities_users` (`community_id`, `user_id`) VALUES (2, 2);
INSERT INTO `communities_users` (`community_id`, `user_id`) VALUES (3, 3);
INSERT INTO `communities_users` (`community_id`, `user_id`) VALUES (4, 4);
INSERT INTO `communities_users` (`community_id`, `user_id`) VALUES (5, 5);
INSERT INTO `communities_users` (`community_id`, `user_id`) VALUES (6, 6);
INSERT INTO `communities_users` (`community_id`, `user_id`) VALUES (7, 7);
INSERT INTO `communities_users` (`community_id`, `user_id`) VALUES (8, 8);
INSERT INTO `communities_users` (`community_id`, `user_id`) VALUES (9, 9);
INSERT INTO `communities_users` (`community_id`, `user_id`) VALUES (10, 10);
INSERT INTO `communities_users` (`community_id`, `user_id`) VALUES (11, 11);
INSERT INTO `communities_users` (`community_id`, `user_id`) VALUES (12, 12);
INSERT INTO `communities_users` (`community_id`, `user_id`) VALUES (13, 13);
INSERT INTO `communities_users` (`community_id`, `user_id`) VALUES (14, 14);
INSERT INTO `communities_users` (`community_id`, `user_id`) VALUES (15, 15);
INSERT INTO `communities_users` (`community_id`, `user_id`) VALUES (16, 16);
INSERT INTO `communities_users` (`community_id`, `user_id`) VALUES (17, 17);
INSERT INTO `communities_users` (`community_id`, `user_id`) VALUES (18, 18);
INSERT INTO `communities_users` (`community_id`, `user_id`) VALUES (19, 19);
INSERT INTO `communities_users` (`community_id`, `user_id`) VALUES (20, 20);
INSERT INTO `communities_users` (`community_id`, `user_id`) VALUES (21, 21);
INSERT INTO `communities_users` (`community_id`, `user_id`) VALUES (22, 22);
INSERT INTO `communities_users` (`community_id`, `user_id`) VALUES (23, 23);
INSERT INTO `communities_users` (`community_id`, `user_id`) VALUES (24, 24);
INSERT INTO `communities_users` (`community_id`, `user_id`) VALUES (25, 25);
INSERT INTO `communities_users` (`community_id`, `user_id`) VALUES (26, 26);
INSERT INTO `communities_users` (`community_id`, `user_id`) VALUES (27, 27);
INSERT INTO `communities_users` (`community_id`, `user_id`) VALUES (28, 28);
INSERT INTO `communities_users` (`community_id`, `user_id`) VALUES (29, 29);
INSERT INTO `communities_users` (`community_id`, `user_id`) VALUES (30, 30);
INSERT INTO `communities_users` (`community_id`, `user_id`) VALUES (31, 31);
INSERT INTO `communities_users` (`community_id`, `user_id`) VALUES (32, 32);
INSERT INTO `communities_users` (`community_id`, `user_id`) VALUES (33, 33);
INSERT INTO `communities_users` (`community_id`, `user_id`) VALUES (34, 34);
INSERT INTO `communities_users` (`community_id`, `user_id`) VALUES (35, 35);
INSERT INTO `communities_users` (`community_id`, `user_id`) VALUES (36, 36);
INSERT INTO `communities_users` (`community_id`, `user_id`) VALUES (37, 37);
INSERT INTO `communities_users` (`community_id`, `user_id`) VALUES (38, 38);
INSERT INTO `communities_users` (`community_id`, `user_id`) VALUES (39, 39);
INSERT INTO `communities_users` (`community_id`, `user_id`) VALUES (40, 40);
INSERT INTO `communities_users` (`community_id`, `user_id`) VALUES (41, 41);
INSERT INTO `communities_users` (`community_id`, `user_id`) VALUES (42, 42);
INSERT INTO `communities_users` (`community_id`, `user_id`) VALUES (43, 43);
INSERT INTO `communities_users` (`community_id`, `user_id`) VALUES (44, 44);
INSERT INTO `communities_users` (`community_id`, `user_id`) VALUES (45, 45);
INSERT INTO `communities_users` (`community_id`, `user_id`) VALUES (46, 46);
INSERT INTO `communities_users` (`community_id`, `user_id`) VALUES (47, 47);
INSERT INTO `communities_users` (`community_id`, `user_id`) VALUES (48, 48);
INSERT INTO `communities_users` (`community_id`, `user_id`) VALUES (49, 49);
INSERT INTO `communities_users` (`community_id`, `user_id`) VALUES (50, 50);
INSERT INTO `communities_users` (`community_id`, `user_id`) VALUES (51, 51);
INSERT INTO `communities_users` (`community_id`, `user_id`) VALUES (52, 52);
INSERT INTO `communities_users` (`community_id`, `user_id`) VALUES (53, 53);
INSERT INTO `communities_users` (`community_id`, `user_id`) VALUES (54, 54);
INSERT INTO `communities_users` (`community_id`, `user_id`) VALUES (55, 55);
INSERT INTO `communities_users` (`community_id`, `user_id`) VALUES (56, 56);
INSERT INTO `communities_users` (`community_id`, `user_id`) VALUES (57, 57);
INSERT INTO `communities_users` (`community_id`, `user_id`) VALUES (58, 58);
INSERT INTO `communities_users` (`community_id`, `user_id`) VALUES (59, 59);
INSERT INTO `communities_users` (`community_id`, `user_id`) VALUES (60, 60);
INSERT INTO `communities_users` (`community_id`, `user_id`) VALUES (61, 61);
INSERT INTO `communities_users` (`community_id`, `user_id`) VALUES (62, 62);
INSERT INTO `communities_users` (`community_id`, `user_id`) VALUES (63, 63);
INSERT INTO `communities_users` (`community_id`, `user_id`) VALUES (64, 64);
INSERT INTO `communities_users` (`community_id`, `user_id`) VALUES (65, 65);
INSERT INTO `communities_users` (`community_id`, `user_id`) VALUES (66, 66);
INSERT INTO `communities_users` (`community_id`, `user_id`) VALUES (67, 67);
INSERT INTO `communities_users` (`community_id`, `user_id`) VALUES (68, 68);
INSERT INTO `communities_users` (`community_id`, `user_id`) VALUES (69, 69);
INSERT INTO `communities_users` (`community_id`, `user_id`) VALUES (70, 70);
INSERT INTO `communities_users` (`community_id`, `user_id`) VALUES (71, 71);
INSERT INTO `communities_users` (`community_id`, `user_id`) VALUES (72, 72);
INSERT INTO `communities_users` (`community_id`, `user_id`) VALUES (73, 73);
INSERT INTO `communities_users` (`community_id`, `user_id`) VALUES (74, 74);
INSERT INTO `communities_users` (`community_id`, `user_id`) VALUES (75, 75);
INSERT INTO `communities_users` (`community_id`, `user_id`) VALUES (76, 76);
INSERT INTO `communities_users` (`community_id`, `user_id`) VALUES (77, 77);
INSERT INTO `communities_users` (`community_id`, `user_id`) VALUES (78, 78);
INSERT INTO `communities_users` (`community_id`, `user_id`) VALUES (79, 79);
INSERT INTO `communities_users` (`community_id`, `user_id`) VALUES (80, 80);
INSERT INTO `communities_users` (`community_id`, `user_id`) VALUES (81, 81);
INSERT INTO `communities_users` (`community_id`, `user_id`) VALUES (82, 82);
INSERT INTO `communities_users` (`community_id`, `user_id`) VALUES (83, 83);
INSERT INTO `communities_users` (`community_id`, `user_id`) VALUES (84, 84);
INSERT INTO `communities_users` (`community_id`, `user_id`) VALUES (85, 85);
INSERT INTO `communities_users` (`community_id`, `user_id`) VALUES (86, 86);
INSERT INTO `communities_users` (`community_id`, `user_id`) VALUES (87, 87);
INSERT INTO `communities_users` (`community_id`, `user_id`) VALUES (88, 88);
INSERT INTO `communities_users` (`community_id`, `user_id`) VALUES (89, 89);
INSERT INTO `communities_users` (`community_id`, `user_id`) VALUES (90, 90);
INSERT INTO `communities_users` (`community_id`, `user_id`) VALUES (91, 91);
INSERT INTO `communities_users` (`community_id`, `user_id`) VALUES (92, 92);
INSERT INTO `communities_users` (`community_id`, `user_id`) VALUES (93, 93);
INSERT INTO `communities_users` (`community_id`, `user_id`) VALUES (94, 94);
INSERT INTO `communities_users` (`community_id`, `user_id`) VALUES (95, 95);
INSERT INTO `communities_users` (`community_id`, `user_id`) VALUES (96, 96);
INSERT INTO `communities_users` (`community_id`, `user_id`) VALUES (97, 97);
INSERT INTO `communities_users` (`community_id`, `user_id`) VALUES (98, 98);
INSERT INTO `communities_users` (`community_id`, `user_id`) VALUES (99, 99);
INSERT INTO `communities_users` (`community_id`, `user_id`) VALUES (100, 100);


#
# TABLE STRUCTURE FOR: friendship
#

DROP TABLE IF EXISTS `friendship`;

CREATE TABLE `friendship` (
  `user_id` int(10) unsigned NOT NULL,
  `friend_id` int(10) unsigned NOT NULL,
  `status_id` int(10) unsigned NOT NULL,
  `requested_at` datetime DEFAULT current_timestamp(),
  `confirmed_at` datetime DEFAULT NULL,
  PRIMARY KEY (`user_id`,`friend_id`)
) ENGINE=InnoDB DEFAULT CHARSET=utf8 COLLATE=utf8_unicode_ci;

INSERT INTO `friendship` (`user_id`, `friend_id`, `status_id`, `requested_at`, `confirmed_at`) VALUES (1, 1, 9, '2016-10-27 03:49:50', '2018-12-02 02:06:33');
INSERT INTO `friendship` (`user_id`, `friend_id`, `status_id`, `requested_at`, `confirmed_at`) VALUES (2, 2, 7, '2019-10-03 03:32:00', '2010-08-11 08:02:25');
INSERT INTO `friendship` (`user_id`, `friend_id`, `status_id`, `requested_at`, `confirmed_at`) VALUES (3, 3, 7, '2012-03-14 23:52:17', '2013-07-07 19:37:21');
INSERT INTO `friendship` (`user_id`, `friend_id`, `status_id`, `requested_at`, `confirmed_at`) VALUES (4, 4, 5, '2014-02-01 13:55:04', '2015-10-01 12:58:45');
INSERT INTO `friendship` (`user_id`, `friend_id`, `status_id`, `requested_at`, `confirmed_at`) VALUES (5, 5, 8, '2011-03-27 17:21:40', '2014-10-29 11:35:47');
INSERT INTO `friendship` (`user_id`, `friend_id`, `status_id`, `requested_at`, `confirmed_at`) VALUES (6, 6, 5, '2010-05-29 09:01:59', '2017-02-16 04:00:19');
INSERT INTO `friendship` (`user_id`, `friend_id`, `status_id`, `requested_at`, `confirmed_at`) VALUES (7, 7, 4, '2018-03-28 17:54:19', '2014-07-31 01:14:38');
INSERT INTO `friendship` (`user_id`, `friend_id`, `status_id`, `requested_at`, `confirmed_at`) VALUES (8, 8, 4, '2011-12-08 14:12:40', '2010-10-17 15:00:18');
INSERT INTO `friendship` (`user_id`, `friend_id`, `status_id`, `requested_at`, `confirmed_at`) VALUES (9, 9, 0, '2014-02-26 09:14:27', '2014-11-15 10:36:10');
INSERT INTO `friendship` (`user_id`, `friend_id`, `status_id`, `requested_at`, `confirmed_at`) VALUES (10, 10, 7, '2014-04-15 10:58:47', '2010-05-07 03:03:04');
INSERT INTO `friendship` (`user_id`, `friend_id`, `status_id`, `requested_at`, `confirmed_at`) VALUES (11, 11, 8, '2018-01-20 22:44:41', '2011-10-04 07:20:31');
INSERT INTO `friendship` (`user_id`, `friend_id`, `status_id`, `requested_at`, `confirmed_at`) VALUES (12, 12, 7, '2018-08-29 22:38:49', '2019-08-02 15:00:02');
INSERT INTO `friendship` (`user_id`, `friend_id`, `status_id`, `requested_at`, `confirmed_at`) VALUES (13, 13, 1, '2018-04-30 08:03:49', '2012-11-14 21:25:31');
INSERT INTO `friendship` (`user_id`, `friend_id`, `status_id`, `requested_at`, `confirmed_at`) VALUES (14, 14, 7, '2018-05-28 23:26:47', '2013-11-17 06:46:03');
INSERT INTO `friendship` (`user_id`, `friend_id`, `status_id`, `requested_at`, `confirmed_at`) VALUES (15, 15, 7, '2016-07-05 13:44:22', '2012-02-18 00:57:25');
INSERT INTO `friendship` (`user_id`, `friend_id`, `status_id`, `requested_at`, `confirmed_at`) VALUES (16, 16, 0, '2017-11-22 13:06:05', '2017-01-11 02:36:02');
INSERT INTO `friendship` (`user_id`, `friend_id`, `status_id`, `requested_at`, `confirmed_at`) VALUES (17, 17, 0, '2018-12-25 19:27:43', '2016-05-18 20:36:29');
INSERT INTO `friendship` (`user_id`, `friend_id`, `status_id`, `requested_at`, `confirmed_at`) VALUES (18, 18, 0, '2010-06-20 02:45:07', '2015-03-05 03:39:59');
INSERT INTO `friendship` (`user_id`, `friend_id`, `status_id`, `requested_at`, `confirmed_at`) VALUES (19, 19, 8, '2014-12-03 21:16:22', '2019-03-09 20:32:38');
INSERT INTO `friendship` (`user_id`, `friend_id`, `status_id`, `requested_at`, `confirmed_at`) VALUES (20, 20, 5, '2015-01-05 08:38:27', '2019-04-30 14:35:04');
INSERT INTO `friendship` (`user_id`, `friend_id`, `status_id`, `requested_at`, `confirmed_at`) VALUES (21, 21, 1, '2015-11-26 03:00:43', '2012-08-29 04:40:52');
INSERT INTO `friendship` (`user_id`, `friend_id`, `status_id`, `requested_at`, `confirmed_at`) VALUES (22, 22, 3, '2013-02-10 00:02:52', '2020-03-26 12:45:19');
INSERT INTO `friendship` (`user_id`, `friend_id`, `status_id`, `requested_at`, `confirmed_at`) VALUES (23, 23, 9, '2018-07-18 09:55:35', '2013-07-20 07:59:30');
INSERT INTO `friendship` (`user_id`, `friend_id`, `status_id`, `requested_at`, `confirmed_at`) VALUES (24, 24, 3, '2010-12-20 02:22:09', '2013-04-26 09:07:07');
INSERT INTO `friendship` (`user_id`, `friend_id`, `status_id`, `requested_at`, `confirmed_at`) VALUES (25, 25, 4, '2012-07-29 16:44:48', '2010-10-26 00:18:32');
INSERT INTO `friendship` (`user_id`, `friend_id`, `status_id`, `requested_at`, `confirmed_at`) VALUES (26, 26, 2, '2017-11-16 10:58:29', '2018-05-27 00:54:44');
INSERT INTO `friendship` (`user_id`, `friend_id`, `status_id`, `requested_at`, `confirmed_at`) VALUES (27, 27, 2, '2018-01-03 21:54:56', '2016-04-28 12:07:34');
INSERT INTO `friendship` (`user_id`, `friend_id`, `status_id`, `requested_at`, `confirmed_at`) VALUES (28, 28, 4, '2019-05-26 15:51:36', '2019-02-10 19:37:51');
INSERT INTO `friendship` (`user_id`, `friend_id`, `status_id`, `requested_at`, `confirmed_at`) VALUES (29, 29, 6, '2010-10-21 16:58:23', '2019-12-13 10:39:33');
INSERT INTO `friendship` (`user_id`, `friend_id`, `status_id`, `requested_at`, `confirmed_at`) VALUES (30, 30, 0, '2012-07-26 13:32:59', '2011-09-23 09:15:12');
INSERT INTO `friendship` (`user_id`, `friend_id`, `status_id`, `requested_at`, `confirmed_at`) VALUES (31, 31, 7, '2017-04-20 20:56:49', '2015-09-03 13:17:23');
INSERT INTO `friendship` (`user_id`, `friend_id`, `status_id`, `requested_at`, `confirmed_at`) VALUES (32, 32, 5, '2018-03-14 02:22:14', '2017-10-09 11:43:16');
INSERT INTO `friendship` (`user_id`, `friend_id`, `status_id`, `requested_at`, `confirmed_at`) VALUES (33, 33, 2, '2015-08-26 17:21:25', '2018-11-28 06:32:31');
INSERT INTO `friendship` (`user_id`, `friend_id`, `status_id`, `requested_at`, `confirmed_at`) VALUES (34, 34, 5, '2015-10-14 15:47:16', '2011-01-19 10:12:39');
INSERT INTO `friendship` (`user_id`, `friend_id`, `status_id`, `requested_at`, `confirmed_at`) VALUES (35, 35, 6, '2011-04-22 08:15:29', '2012-03-04 12:06:17');
INSERT INTO `friendship` (`user_id`, `friend_id`, `status_id`, `requested_at`, `confirmed_at`) VALUES (36, 36, 9, '2011-08-20 01:14:01', '2018-12-26 20:49:03');
INSERT INTO `friendship` (`user_id`, `friend_id`, `status_id`, `requested_at`, `confirmed_at`) VALUES (37, 37, 3, '2012-06-22 02:05:51', '2019-05-02 09:42:03');
INSERT INTO `friendship` (`user_id`, `friend_id`, `status_id`, `requested_at`, `confirmed_at`) VALUES (38, 38, 8, '2014-10-29 09:11:15', '2012-05-25 11:41:35');
INSERT INTO `friendship` (`user_id`, `friend_id`, `status_id`, `requested_at`, `confirmed_at`) VALUES (39, 39, 6, '2013-05-04 11:30:52', '2011-08-01 07:52:33');
INSERT INTO `friendship` (`user_id`, `friend_id`, `status_id`, `requested_at`, `confirmed_at`) VALUES (40, 40, 5, '2019-02-26 09:29:05', '2016-06-04 06:29:02');
INSERT INTO `friendship` (`user_id`, `friend_id`, `status_id`, `requested_at`, `confirmed_at`) VALUES (41, 41, 8, '2015-05-05 21:23:38', '2013-09-23 15:38:34');
INSERT INTO `friendship` (`user_id`, `friend_id`, `status_id`, `requested_at`, `confirmed_at`) VALUES (42, 42, 7, '2011-11-13 11:19:31', '2013-08-27 23:00:00');
INSERT INTO `friendship` (`user_id`, `friend_id`, `status_id`, `requested_at`, `confirmed_at`) VALUES (43, 43, 3, '2018-02-18 21:56:59', '2014-11-03 06:26:37');
INSERT INTO `friendship` (`user_id`, `friend_id`, `status_id`, `requested_at`, `confirmed_at`) VALUES (44, 44, 1, '2015-12-06 23:44:54', '2016-11-22 11:07:04');
INSERT INTO `friendship` (`user_id`, `friend_id`, `status_id`, `requested_at`, `confirmed_at`) VALUES (45, 45, 2, '2017-06-14 04:45:07', '2017-06-04 08:26:41');
INSERT INTO `friendship` (`user_id`, `friend_id`, `status_id`, `requested_at`, `confirmed_at`) VALUES (46, 46, 0, '2012-10-08 20:04:43', '2018-09-02 14:24:12');
INSERT INTO `friendship` (`user_id`, `friend_id`, `status_id`, `requested_at`, `confirmed_at`) VALUES (47, 47, 2, '2012-01-27 06:00:09', '2015-04-10 04:31:23');
INSERT INTO `friendship` (`user_id`, `friend_id`, `status_id`, `requested_at`, `confirmed_at`) VALUES (48, 48, 9, '2018-02-01 12:32:33', '2011-05-05 03:13:09');
INSERT INTO `friendship` (`user_id`, `friend_id`, `status_id`, `requested_at`, `confirmed_at`) VALUES (49, 49, 2, '2018-01-20 11:54:20', '2012-06-19 20:38:08');
INSERT INTO `friendship` (`user_id`, `friend_id`, `status_id`, `requested_at`, `confirmed_at`) VALUES (50, 50, 2, '2018-07-07 14:31:08', '2012-09-15 21:46:39');
INSERT INTO `friendship` (`user_id`, `friend_id`, `status_id`, `requested_at`, `confirmed_at`) VALUES (51, 51, 7, '2014-04-28 14:33:41', '2013-11-28 02:41:28');
INSERT INTO `friendship` (`user_id`, `friend_id`, `status_id`, `requested_at`, `confirmed_at`) VALUES (52, 52, 1, '2013-12-31 12:24:43', '2014-12-15 03:12:22');
INSERT INTO `friendship` (`user_id`, `friend_id`, `status_id`, `requested_at`, `confirmed_at`) VALUES (53, 53, 1, '2011-08-06 03:49:01', '2016-05-06 09:43:57');
INSERT INTO `friendship` (`user_id`, `friend_id`, `status_id`, `requested_at`, `confirmed_at`) VALUES (54, 54, 0, '2014-07-20 02:15:02', '2015-11-22 11:52:09');
INSERT INTO `friendship` (`user_id`, `friend_id`, `status_id`, `requested_at`, `confirmed_at`) VALUES (55, 55, 0, '2014-10-31 03:50:19', '2019-05-31 04:51:23');
INSERT INTO `friendship` (`user_id`, `friend_id`, `status_id`, `requested_at`, `confirmed_at`) VALUES (56, 56, 7, '2012-05-13 08:56:17', '2014-07-27 17:33:04');
INSERT INTO `friendship` (`user_id`, `friend_id`, `status_id`, `requested_at`, `confirmed_at`) VALUES (57, 57, 3, '2013-08-30 05:32:10', '2016-02-08 06:13:40');
INSERT INTO `friendship` (`user_id`, `friend_id`, `status_id`, `requested_at`, `confirmed_at`) VALUES (58, 58, 9, '2018-05-04 05:13:24', '2010-10-28 15:31:56');
INSERT INTO `friendship` (`user_id`, `friend_id`, `status_id`, `requested_at`, `confirmed_at`) VALUES (59, 59, 0, '2010-08-02 23:34:46', '2017-06-10 08:03:26');
INSERT INTO `friendship` (`user_id`, `friend_id`, `status_id`, `requested_at`, `confirmed_at`) VALUES (60, 60, 2, '2019-06-25 10:58:33', '2016-08-17 14:18:39');
INSERT INTO `friendship` (`user_id`, `friend_id`, `status_id`, `requested_at`, `confirmed_at`) VALUES (61, 61, 8, '2013-05-18 19:55:19', '2013-02-26 22:44:58');
INSERT INTO `friendship` (`user_id`, `friend_id`, `status_id`, `requested_at`, `confirmed_at`) VALUES (62, 62, 1, '2014-06-17 19:22:18', '2015-02-03 14:20:47');
INSERT INTO `friendship` (`user_id`, `friend_id`, `status_id`, `requested_at`, `confirmed_at`) VALUES (63, 63, 7, '2019-12-10 18:02:34', '2017-08-12 08:51:20');
INSERT INTO `friendship` (`user_id`, `friend_id`, `status_id`, `requested_at`, `confirmed_at`) VALUES (64, 64, 5, '2014-04-08 14:59:07', '2016-11-26 16:09:24');
INSERT INTO `friendship` (`user_id`, `friend_id`, `status_id`, `requested_at`, `confirmed_at`) VALUES (65, 65, 3, '2012-11-20 06:28:18', '2014-09-16 10:03:33');
INSERT INTO `friendship` (`user_id`, `friend_id`, `status_id`, `requested_at`, `confirmed_at`) VALUES (66, 66, 5, '2012-06-12 22:28:09', '2015-08-30 02:44:12');
INSERT INTO `friendship` (`user_id`, `friend_id`, `status_id`, `requested_at`, `confirmed_at`) VALUES (67, 67, 9, '2011-02-03 15:23:56', '2011-06-02 03:05:16');
INSERT INTO `friendship` (`user_id`, `friend_id`, `status_id`, `requested_at`, `confirmed_at`) VALUES (68, 68, 7, '2011-07-28 13:11:16', '2016-10-14 06:42:29');
INSERT INTO `friendship` (`user_id`, `friend_id`, `status_id`, `requested_at`, `confirmed_at`) VALUES (69, 69, 2, '2014-12-13 20:10:20', '2012-05-28 17:46:14');
INSERT INTO `friendship` (`user_id`, `friend_id`, `status_id`, `requested_at`, `confirmed_at`) VALUES (70, 70, 7, '2016-07-04 23:14:02', '2012-08-13 22:57:35');
INSERT INTO `friendship` (`user_id`, `friend_id`, `status_id`, `requested_at`, `confirmed_at`) VALUES (71, 71, 7, '2018-01-13 06:08:00', '2015-01-12 20:25:34');
INSERT INTO `friendship` (`user_id`, `friend_id`, `status_id`, `requested_at`, `confirmed_at`) VALUES (72, 72, 6, '2011-06-07 16:32:16', '2010-05-25 13:52:36');
INSERT INTO `friendship` (`user_id`, `friend_id`, `status_id`, `requested_at`, `confirmed_at`) VALUES (73, 73, 8, '2019-11-24 06:29:07', '2013-10-29 19:52:59');
INSERT INTO `friendship` (`user_id`, `friend_id`, `status_id`, `requested_at`, `confirmed_at`) VALUES (74, 74, 9, '2016-05-23 16:23:42', '2016-03-15 18:15:56');
INSERT INTO `friendship` (`user_id`, `friend_id`, `status_id`, `requested_at`, `confirmed_at`) VALUES (75, 75, 2, '2015-11-21 15:45:30', '2013-05-16 18:07:20');
INSERT INTO `friendship` (`user_id`, `friend_id`, `status_id`, `requested_at`, `confirmed_at`) VALUES (76, 76, 8, '2019-10-18 14:43:13', '2011-07-12 02:20:46');
INSERT INTO `friendship` (`user_id`, `friend_id`, `status_id`, `requested_at`, `confirmed_at`) VALUES (77, 77, 3, '2012-04-21 09:22:32', '2015-04-15 15:15:20');
INSERT INTO `friendship` (`user_id`, `friend_id`, `status_id`, `requested_at`, `confirmed_at`) VALUES (78, 78, 8, '2019-10-31 21:24:42', '2015-12-29 15:31:54');
INSERT INTO `friendship` (`user_id`, `friend_id`, `status_id`, `requested_at`, `confirmed_at`) VALUES (79, 79, 6, '2017-03-20 08:02:43', '2012-10-29 19:16:56');
INSERT INTO `friendship` (`user_id`, `friend_id`, `status_id`, `requested_at`, `confirmed_at`) VALUES (80, 80, 7, '2019-08-31 03:46:08', '2016-11-23 05:00:44');
INSERT INTO `friendship` (`user_id`, `friend_id`, `status_id`, `requested_at`, `confirmed_at`) VALUES (81, 81, 5, '2012-09-18 17:24:24', '2014-03-01 09:33:53');
INSERT INTO `friendship` (`user_id`, `friend_id`, `status_id`, `requested_at`, `confirmed_at`) VALUES (82, 82, 6, '2016-11-18 08:20:15', '2019-07-18 03:48:41');
INSERT INTO `friendship` (`user_id`, `friend_id`, `status_id`, `requested_at`, `confirmed_at`) VALUES (83, 83, 6, '2012-07-02 06:02:06', '2019-08-23 15:21:55');
INSERT INTO `friendship` (`user_id`, `friend_id`, `status_id`, `requested_at`, `confirmed_at`) VALUES (84, 84, 5, '2012-12-10 19:58:04', '2013-03-30 03:06:35');
INSERT INTO `friendship` (`user_id`, `friend_id`, `status_id`, `requested_at`, `confirmed_at`) VALUES (85, 85, 6, '2016-05-04 18:31:58', '2014-01-31 21:02:35');
INSERT INTO `friendship` (`user_id`, `friend_id`, `status_id`, `requested_at`, `confirmed_at`) VALUES (86, 86, 7, '2018-10-02 04:17:51', '2018-09-28 22:27:03');
INSERT INTO `friendship` (`user_id`, `friend_id`, `status_id`, `requested_at`, `confirmed_at`) VALUES (87, 87, 6, '2011-11-08 09:35:24', '2017-08-06 09:59:01');
INSERT INTO `friendship` (`user_id`, `friend_id`, `status_id`, `requested_at`, `confirmed_at`) VALUES (88, 88, 0, '2010-09-08 12:57:08', '2010-08-13 01:43:09');
INSERT INTO `friendship` (`user_id`, `friend_id`, `status_id`, `requested_at`, `confirmed_at`) VALUES (89, 89, 5, '2020-03-18 18:29:53', '2013-01-28 02:02:09');
INSERT INTO `friendship` (`user_id`, `friend_id`, `status_id`, `requested_at`, `confirmed_at`) VALUES (90, 90, 6, '2016-12-21 23:36:29', '2013-03-28 10:42:17');
INSERT INTO `friendship` (`user_id`, `friend_id`, `status_id`, `requested_at`, `confirmed_at`) VALUES (91, 91, 6, '2018-03-06 14:05:31', '2013-10-05 11:31:03');
INSERT INTO `friendship` (`user_id`, `friend_id`, `status_id`, `requested_at`, `confirmed_at`) VALUES (92, 92, 1, '2011-10-06 12:25:48', '2018-12-06 06:16:30');
INSERT INTO `friendship` (`user_id`, `friend_id`, `status_id`, `requested_at`, `confirmed_at`) VALUES (93, 93, 6, '2019-08-25 23:05:17', '2012-12-04 14:33:00');
INSERT INTO `friendship` (`user_id`, `friend_id`, `status_id`, `requested_at`, `confirmed_at`) VALUES (94, 94, 9, '2011-11-03 12:40:37', '2015-02-21 06:42:18');
INSERT INTO `friendship` (`user_id`, `friend_id`, `status_id`, `requested_at`, `confirmed_at`) VALUES (95, 95, 1, '2010-09-19 22:16:11', '2018-07-09 19:55:55');
INSERT INTO `friendship` (`user_id`, `friend_id`, `status_id`, `requested_at`, `confirmed_at`) VALUES (96, 96, 8, '2010-12-15 16:19:53', '2012-08-10 21:54:01');
INSERT INTO `friendship` (`user_id`, `friend_id`, `status_id`, `requested_at`, `confirmed_at`) VALUES (97, 97, 9, '2014-05-22 08:21:50', '2012-08-04 14:27:36');
INSERT INTO `friendship` (`user_id`, `friend_id`, `status_id`, `requested_at`, `confirmed_at`) VALUES (98, 98, 1, '2018-12-18 05:21:27', '2011-06-30 16:50:22');
INSERT INTO `friendship` (`user_id`, `friend_id`, `status_id`, `requested_at`, `confirmed_at`) VALUES (99, 99, 8, '2010-06-26 04:49:29', '2014-05-08 13:29:30');
INSERT INTO `friendship` (`user_id`, `friend_id`, `status_id`, `requested_at`, `confirmed_at`) VALUES (100, 100, 6, '2011-01-02 21:15:26', '2014-06-09 06:03:23');


#
# TABLE STRUCTURE FOR: friendship_statuses
#

DROP TABLE IF EXISTS `friendship_statuses`;

CREATE TABLE `friendship_statuses` (
  `id` int(10) unsigned NOT NULL AUTO_INCREMENT,
  `name` varchar(150) COLLATE utf8_unicode_ci NOT NULL,
  PRIMARY KEY (`id`),
  UNIQUE KEY `name` (`name`)
) ENGINE=InnoDB DEFAULT CHARSET=utf8 COLLATE=utf8_unicode_ci;

#
# TABLE STRUCTURE FOR: media
#

DROP TABLE IF EXISTS `media`;

CREATE TABLE `media` (
  `id` int(10) unsigned NOT NULL AUTO_INCREMENT,
  `media_type_id` int(10) unsigned NOT NULL,
  `user_id` int(10) unsigned NOT NULL,
  `file_path` varchar(255) COLLATE utf8_unicode_ci NOT NULL,
  `size` int(11) NOT NULL,
  `metadata` longtext CHARACTER SET utf8mb4 COLLATE utf8mb4_bin DEFAULT NULL,
  `created_at` datetime DEFAULT current_timestamp(),
  `updated_at` datetime DEFAULT current_timestamp() ON UPDATE current_timestamp(),
  PRIMARY KEY (`id`)
) ENGINE=InnoDB AUTO_INCREMENT=101 DEFAULT CHARSET=utf8 COLLATE=utf8_unicode_ci;

INSERT INTO `media` (`id`, `media_type_id`, `user_id`, `file_path`, `size`, `metadata`, `created_at`, `updated_at`) VALUES (1, 7, 1, 'audio/x-pn-realaudio-plugin', 9816, 'tempore', '2014-04-17 05:01:02', '2017-07-12 00:31:24');
INSERT INTO `media` (`id`, `media_type_id`, `user_id`, `file_path`, `size`, `metadata`, `created_at`, `updated_at`) VALUES (2, 0, 2, 'application/vnd.pvi.ptid1', 49468, 'sequi', '2018-02-25 22:41:07', '2010-09-23 01:38:58');
INSERT INTO `media` (`id`, `media_type_id`, `user_id`, `file_path`, `size`, `metadata`, `created_at`, `updated_at`) VALUES (3, 1, 3, 'application/vnd.oasis.opendocument.formula', 89, 'perferendis', '2013-01-24 18:48:18', '2016-10-12 17:58:08');
INSERT INTO `media` (`id`, `media_type_id`, `user_id`, `file_path`, `size`, `metadata`, `created_at`, `updated_at`) VALUES (4, 1, 4, 'application/vnd.semd', 2916, 'quia', '2015-07-16 20:14:38', '2014-07-03 19:22:22');
INSERT INTO `media` (`id`, `media_type_id`, `user_id`, `file_path`, `size`, `metadata`, `created_at`, `updated_at`) VALUES (5, 6, 5, 'application/vnd.oasis.opendocument.text-template', 87, 'voluptatem', '2013-07-18 21:48:10', '2020-01-21 19:47:21');
INSERT INTO `media` (`id`, `media_type_id`, `user_id`, `file_path`, `size`, `metadata`, `created_at`, `updated_at`) VALUES (6, 1, 6, 'video/vnd.mpegurl', 556202716, 'rerum', '2017-10-29 17:36:59', '2019-02-18 19:54:17');
INSERT INTO `media` (`id`, `media_type_id`, `user_id`, `file_path`, `size`, `metadata`, `created_at`, `updated_at`) VALUES (7, 7, 7, 'text/x-vcard', 467, 'reprehenderit', '2016-02-04 09:56:27', '2014-06-06 23:36:39');
INSERT INTO `media` (`id`, `media_type_id`, `user_id`, `file_path`, `size`, `metadata`, `created_at`, `updated_at`) VALUES (8, 2, 8, 'application/vnd.sun.xml.writer.template', 9124, 'dolor', '2016-07-29 15:33:59', '2012-07-09 15:43:19');
INSERT INTO `media` (`id`, `media_type_id`, `user_id`, `file_path`, `size`, `metadata`, `created_at`, `updated_at`) VALUES (9, 0, 9, 'application/vnd.simtech-mindmapper', 80, 'necessitatibus', '2017-10-08 11:30:14', '2017-01-12 01:46:36');
INSERT INTO `media` (`id`, `media_type_id`, `user_id`, `file_path`, `size`, `metadata`, `created_at`, `updated_at`) VALUES (10, 7, 10, 'application/vnd.lotus-screencam', 73704442, 'nesciunt', '2019-12-26 05:48:30', '2011-03-02 14:49:48');
INSERT INTO `media` (`id`, `media_type_id`, `user_id`, `file_path`, `size`, `metadata`, `created_at`, `updated_at`) VALUES (11, 0, 11, 'application/vnd.lotus-1-2-3', 580155, 'repellat', '2017-08-07 12:19:36', '2019-06-08 15:19:58');
INSERT INTO `media` (`id`, `media_type_id`, `user_id`, `file_path`, `size`, `metadata`, `created_at`, `updated_at`) VALUES (12, 8, 12, 'application/vnd.dece.zip', 18, 'totam', '2019-05-22 17:55:33', '2011-01-09 22:45:15');
INSERT INTO `media` (`id`, `media_type_id`, `user_id`, `file_path`, `size`, `metadata`, `created_at`, `updated_at`) VALUES (13, 4, 13, 'audio/mpeg', 37344, 'et', '2013-09-25 10:22:26', '2011-10-27 07:35:12');
INSERT INTO `media` (`id`, `media_type_id`, `user_id`, `file_path`, `size`, `metadata`, `created_at`, `updated_at`) VALUES (14, 8, 14, 'message/rfc822', 59990, 'impedit', '2019-02-14 05:48:02', '2017-12-22 15:32:14');
INSERT INTO `media` (`id`, `media_type_id`, `user_id`, `file_path`, `size`, `metadata`, `created_at`, `updated_at`) VALUES (15, 9, 15, 'text/vnd.sun.j2me.app-descriptor', 85742, 'illum', '2015-08-11 06:24:13', '2020-03-19 11:05:41');
INSERT INTO `media` (`id`, `media_type_id`, `user_id`, `file_path`, `size`, `metadata`, `created_at`, `updated_at`) VALUES (16, 2, 16, 'application/vnd.hal+xml', 278, 'deserunt', '2019-11-13 10:50:06', '2011-12-10 10:55:19');
INSERT INTO `media` (`id`, `media_type_id`, `user_id`, `file_path`, `size`, `metadata`, `created_at`, `updated_at`) VALUES (17, 4, 17, 'model/iges', 7683, 'perspiciatis', '2017-12-30 00:05:09', '2011-05-19 22:55:20');
INSERT INTO `media` (`id`, `media_type_id`, `user_id`, `file_path`, `size`, `metadata`, `created_at`, `updated_at`) VALUES (18, 4, 18, 'application/x-msmediaview', 857604, 'in', '2019-02-13 05:56:19', '2016-08-10 21:33:53');
INSERT INTO `media` (`id`, `media_type_id`, `user_id`, `file_path`, `size`, `metadata`, `created_at`, `updated_at`) VALUES (19, 9, 19, 'application/vnd.kde.kformula', 8156682, 'esse', '2011-09-10 09:37:26', '2013-08-09 23:14:31');
INSERT INTO `media` (`id`, `media_type_id`, `user_id`, `file_path`, `size`, `metadata`, `created_at`, `updated_at`) VALUES (20, 2, 20, 'application/vnd.epson.ssf', 264, 'saepe', '2017-02-21 19:11:28', '2014-03-09 05:19:10');
INSERT INTO `media` (`id`, `media_type_id`, `user_id`, `file_path`, `size`, `metadata`, `created_at`, `updated_at`) VALUES (21, 6, 21, 'application/vnd.hal+xml', 9701, 'dolores', '2013-07-08 01:40:44', '2020-01-05 19:10:32');
INSERT INTO `media` (`id`, `media_type_id`, `user_id`, `file_path`, `size`, `metadata`, `created_at`, `updated_at`) VALUES (22, 3, 22, 'audio/x-mpegurl', 0, 'aut', '2017-04-17 03:16:45', '2016-08-04 15:27:37');
INSERT INTO `media` (`id`, `media_type_id`, `user_id`, `file_path`, `size`, `metadata`, `created_at`, `updated_at`) VALUES (23, 7, 23, 'video/vnd.dece.video', 188982, 'sint', '2019-09-23 20:31:31', '2015-08-02 04:00:04');
INSERT INTO `media` (`id`, `media_type_id`, `user_id`, `file_path`, `size`, `metadata`, `created_at`, `updated_at`) VALUES (24, 9, 24, 'application/vnd.lotus-notes', 533895839, 'adipisci', '2016-12-13 11:38:24', '2017-08-26 23:28:36');
INSERT INTO `media` (`id`, `media_type_id`, `user_id`, `file_path`, `size`, `metadata`, `created_at`, `updated_at`) VALUES (25, 3, 25, 'application/vnd.ezpix-album', 6192107, 'omnis', '2012-02-24 11:50:24', '2014-11-30 23:34:58');
INSERT INTO `media` (`id`, `media_type_id`, `user_id`, `file_path`, `size`, `metadata`, `created_at`, `updated_at`) VALUES (26, 8, 26, 'audio/vnd.dece.audio', 9335517, 'sed', '2015-10-18 22:33:33', '2017-04-16 22:49:39');
INSERT INTO `media` (`id`, `media_type_id`, `user_id`, `file_path`, `size`, `metadata`, `created_at`, `updated_at`) VALUES (27, 7, 27, 'video/x-m4v', 34, 'nihil', '2020-01-23 04:04:50', '2015-04-02 12:53:46');
INSERT INTO `media` (`id`, `media_type_id`, `user_id`, `file_path`, `size`, `metadata`, `created_at`, `updated_at`) VALUES (28, 8, 28, 'application/xhtml+xml', 53030663, 'voluptates', '2018-10-19 19:15:42', '2014-10-26 09:09:11');
INSERT INTO `media` (`id`, `media_type_id`, `user_id`, `file_path`, `size`, `metadata`, `created_at`, `updated_at`) VALUES (29, 9, 29, 'application/vnd.ms-works', 0, 'consequatur', '2013-02-16 00:37:14', '2015-03-14 21:28:04');
INSERT INTO `media` (`id`, `media_type_id`, `user_id`, `file_path`, `size`, `metadata`, `created_at`, `updated_at`) VALUES (30, 9, 30, 'video/x-flv', 74, 'tempore', '2013-10-24 05:52:53', '2019-06-15 15:28:22');
INSERT INTO `media` (`id`, `media_type_id`, `user_id`, `file_path`, `size`, `metadata`, `created_at`, `updated_at`) VALUES (31, 0, 31, 'application/vnd.trueapp', 912, 'ea', '2018-04-02 05:28:05', '2013-12-17 09:04:43');
INSERT INTO `media` (`id`, `media_type_id`, `user_id`, `file_path`, `size`, `metadata`, `created_at`, `updated_at`) VALUES (32, 9, 32, 'application/vnd.fdsn.seed', 15965444, 'et', '2014-11-04 12:40:34', '2018-12-10 16:00:52');
INSERT INTO `media` (`id`, `media_type_id`, `user_id`, `file_path`, `size`, `metadata`, `created_at`, `updated_at`) VALUES (33, 7, 33, 'text/prs.lines.tag', 0, 'deserunt', '2018-05-10 19:47:46', '2014-11-08 16:36:42');
INSERT INTO `media` (`id`, `media_type_id`, `user_id`, `file_path`, `size`, `metadata`, `created_at`, `updated_at`) VALUES (34, 7, 34, 'application/x-msmetafile', 412, 'libero', '2019-07-19 03:54:56', '2016-12-09 01:43:29');
INSERT INTO `media` (`id`, `media_type_id`, `user_id`, `file_path`, `size`, `metadata`, `created_at`, `updated_at`) VALUES (35, 1, 35, 'application/octet-stream', 773731, 'voluptas', '2018-06-12 00:29:23', '2018-03-26 08:48:40');
INSERT INTO `media` (`id`, `media_type_id`, `user_id`, `file_path`, `size`, `metadata`, `created_at`, `updated_at`) VALUES (36, 3, 36, 'video/x-sgi-movie', 1473723, 'at', '2018-03-16 10:43:30', '2019-10-27 08:16:51');
INSERT INTO `media` (`id`, `media_type_id`, `user_id`, `file_path`, `size`, `metadata`, `created_at`, `updated_at`) VALUES (37, 6, 37, 'text/vnd.graphviz', 2027443, 'ut', '2017-08-06 12:49:59', '2019-06-14 06:25:50');
INSERT INTO `media` (`id`, `media_type_id`, `user_id`, `file_path`, `size`, `metadata`, `created_at`, `updated_at`) VALUES (38, 9, 38, 'text/vnd.graphviz', 90875, 'distinctio', '2016-03-13 02:28:28', '2012-04-19 23:11:37');
INSERT INTO `media` (`id`, `media_type_id`, `user_id`, `file_path`, `size`, `metadata`, `created_at`, `updated_at`) VALUES (39, 1, 39, 'application/vnd.realvnc.bed', 3735029, 'quia', '2013-05-09 01:45:30', '2012-08-14 18:32:50');
INSERT INTO `media` (`id`, `media_type_id`, `user_id`, `file_path`, `size`, `metadata`, `created_at`, `updated_at`) VALUES (40, 5, 40, 'application/vnd.ms-pki.stl', 630812, 'perspiciatis', '2019-03-12 20:05:45', '2014-08-08 20:58:09');
INSERT INTO `media` (`id`, `media_type_id`, `user_id`, `file_path`, `size`, `metadata`, `created_at`, `updated_at`) VALUES (41, 6, 41, 'application/vnd.stepmania.stepchart', 38697, 'rerum', '2011-05-16 09:39:49', '2017-03-20 04:14:15');
INSERT INTO `media` (`id`, `media_type_id`, `user_id`, `file_path`, `size`, `metadata`, `created_at`, `updated_at`) VALUES (42, 4, 42, 'application/vnd.immervision-ivp', 73211448, 'architecto', '2011-07-01 05:09:39', '2010-05-24 00:25:13');
INSERT INTO `media` (`id`, `media_type_id`, `user_id`, `file_path`, `size`, `metadata`, `created_at`, `updated_at`) VALUES (43, 0, 43, 'application/vnd.shana.informed.package', 2839, 'minima', '2011-01-27 09:14:01', '2015-01-23 03:11:51');
INSERT INTO `media` (`id`, `media_type_id`, `user_id`, `file_path`, `size`, `metadata`, `created_at`, `updated_at`) VALUES (44, 4, 44, 'application/x-ms-xbap', 976478690, 'mollitia', '2014-10-05 19:14:21', '2010-12-05 04:30:32');
INSERT INTO `media` (`id`, `media_type_id`, `user_id`, `file_path`, `size`, `metadata`, `created_at`, `updated_at`) VALUES (45, 4, 45, 'video/x-sgi-movie', 2, 'ut', '2011-12-22 08:37:05', '2013-07-16 06:53:52');
INSERT INTO `media` (`id`, `media_type_id`, `user_id`, `file_path`, `size`, `metadata`, `created_at`, `updated_at`) VALUES (46, 7, 46, 'application/vnd.lotus-approach', 45467532, 'qui', '2015-06-13 17:09:23', '2014-10-31 07:39:19');
INSERT INTO `media` (`id`, `media_type_id`, `user_id`, `file_path`, `size`, `metadata`, `created_at`, `updated_at`) VALUES (47, 4, 47, 'video/quicktime', 719113, 'ullam', '2015-10-13 06:37:31', '2018-01-21 09:09:56');
INSERT INTO `media` (`id`, `media_type_id`, `user_id`, `file_path`, `size`, `metadata`, `created_at`, `updated_at`) VALUES (48, 1, 48, 'video/quicktime', 3319, 'rem', '2015-12-20 16:24:20', '2016-05-26 13:39:31');
INSERT INTO `media` (`id`, `media_type_id`, `user_id`, `file_path`, `size`, `metadata`, `created_at`, `updated_at`) VALUES (49, 4, 49, 'application/yang', 514027201, 'veniam', '2016-11-22 16:22:32', '2016-08-18 05:35:56');
INSERT INTO `media` (`id`, `media_type_id`, `user_id`, `file_path`, `size`, `metadata`, `created_at`, `updated_at`) VALUES (50, 4, 50, 'text/x-java-source', 472, 'accusamus', '2013-10-22 06:24:07', '2010-04-03 17:07:13');
INSERT INTO `media` (`id`, `media_type_id`, `user_id`, `file_path`, `size`, `metadata`, `created_at`, `updated_at`) VALUES (51, 9, 51, 'application/xv+xml', 1348337, 'sit', '2020-01-20 09:47:27', '2016-04-09 18:22:53');
INSERT INTO `media` (`id`, `media_type_id`, `user_id`, `file_path`, `size`, `metadata`, `created_at`, `updated_at`) VALUES (52, 1, 52, 'application/vnd.adobe.xfdf', 465, 'labore', '2017-12-26 20:15:53', '2011-01-16 19:56:47');
INSERT INTO `media` (`id`, `media_type_id`, `user_id`, `file_path`, `size`, `metadata`, `created_at`, `updated_at`) VALUES (53, 2, 53, 'application/vnd.fdsn.seed', 8489643, 'laudantium', '2018-05-28 05:42:54', '2015-05-05 00:09:13');
INSERT INTO `media` (`id`, `media_type_id`, `user_id`, `file_path`, `size`, `metadata`, `created_at`, `updated_at`) VALUES (54, 2, 54, 'application/vnd.lotus-screencam', 398769091, 'sed', '2018-10-04 09:20:20', '2010-07-26 13:16:10');
INSERT INTO `media` (`id`, `media_type_id`, `user_id`, `file_path`, `size`, `metadata`, `created_at`, `updated_at`) VALUES (55, 2, 55, 'image/x-portable-pixmap', 0, 'ea', '2013-09-19 15:45:41', '2013-12-22 01:55:09');
INSERT INTO `media` (`id`, `media_type_id`, `user_id`, `file_path`, `size`, `metadata`, `created_at`, `updated_at`) VALUES (56, 6, 56, 'application/vnd.xfdl', 165, 'ut', '2015-11-12 03:17:24', '2017-10-24 08:51:35');
INSERT INTO `media` (`id`, `media_type_id`, `user_id`, `file_path`, `size`, `metadata`, `created_at`, `updated_at`) VALUES (57, 7, 57, 'video/x-ms-vob', 969648, 'est', '2011-07-30 12:36:29', '2015-05-26 13:35:23');
INSERT INTO `media` (`id`, `media_type_id`, `user_id`, `file_path`, `size`, `metadata`, `created_at`, `updated_at`) VALUES (58, 6, 58, 'application/vnd.adobe.air-application-installer-package+zip', 66, 'sequi', '2013-06-02 17:52:24', '2017-05-18 14:01:31');
INSERT INTO `media` (`id`, `media_type_id`, `user_id`, `file_path`, `size`, `metadata`, `created_at`, `updated_at`) VALUES (59, 7, 59, 'application/vnd.oasis.opendocument.formula', 788870, 'animi', '2019-12-19 03:05:29', '2020-01-21 23:31:10');
INSERT INTO `media` (`id`, `media_type_id`, `user_id`, `file_path`, `size`, `metadata`, `created_at`, `updated_at`) VALUES (60, 3, 60, 'application/jsonml+json', 8093002, 'deleniti', '2011-01-01 06:59:27', '2016-01-21 01:24:20');
INSERT INTO `media` (`id`, `media_type_id`, `user_id`, `file_path`, `size`, `metadata`, `created_at`, `updated_at`) VALUES (61, 0, 61, 'image/x-xpixmap', 332052, 'vel', '2016-05-29 08:18:56', '2012-04-03 00:42:00');
INSERT INTO `media` (`id`, `media_type_id`, `user_id`, `file_path`, `size`, `metadata`, `created_at`, `updated_at`) VALUES (62, 2, 62, 'text/csv', 50192497, 'occaecati', '2011-05-26 05:24:07', '2011-01-02 02:54:10');
INSERT INTO `media` (`id`, `media_type_id`, `user_id`, `file_path`, `size`, `metadata`, `created_at`, `updated_at`) VALUES (63, 6, 63, 'text/vcard', 846, 'dolorum', '2015-09-23 11:48:12', '2019-05-30 01:43:54');
INSERT INTO `media` (`id`, `media_type_id`, `user_id`, `file_path`, `size`, `metadata`, `created_at`, `updated_at`) VALUES (64, 7, 64, 'application/vnd.ms-powerpoint.slideshow.macroenabled.12', 126748986, 'qui', '2016-08-18 15:36:43', '2011-04-19 00:53:40');
INSERT INTO `media` (`id`, `media_type_id`, `user_id`, `file_path`, `size`, `metadata`, `created_at`, `updated_at`) VALUES (65, 3, 65, 'image/x-portable-pixmap', 400149, 'dolor', '2016-12-09 06:12:23', '2014-03-27 21:41:02');
INSERT INTO `media` (`id`, `media_type_id`, `user_id`, `file_path`, `size`, `metadata`, `created_at`, `updated_at`) VALUES (66, 0, 66, 'application/xspf+xml', 5, 'consequatur', '2010-06-18 17:28:29', '2010-10-28 08:45:04');
INSERT INTO `media` (`id`, `media_type_id`, `user_id`, `file_path`, `size`, `metadata`, `created_at`, `updated_at`) VALUES (67, 1, 67, 'application/mathml+xml', 48621, 'odio', '2013-07-19 07:58:30', '2012-11-05 02:08:00');
INSERT INTO `media` (`id`, `media_type_id`, `user_id`, `file_path`, `size`, `metadata`, `created_at`, `updated_at`) VALUES (68, 1, 68, 'application/x-gramps-xml', 1659, 'voluptas', '2016-04-07 22:35:12', '2010-08-21 14:44:17');
INSERT INTO `media` (`id`, `media_type_id`, `user_id`, `file_path`, `size`, `metadata`, `created_at`, `updated_at`) VALUES (69, 1, 69, 'application/vnd.kde.karbon', 257763941, 'minima', '2015-12-25 08:28:01', '2012-04-06 00:12:50');
INSERT INTO `media` (`id`, `media_type_id`, `user_id`, `file_path`, `size`, `metadata`, `created_at`, `updated_at`) VALUES (70, 8, 70, 'application/vnd.tao.intent-module-archive', 6381546, 'aperiam', '2020-01-01 20:33:44', '2014-08-09 22:48:51');
INSERT INTO `media` (`id`, `media_type_id`, `user_id`, `file_path`, `size`, `metadata`, `created_at`, `updated_at`) VALUES (71, 7, 71, 'application/octet-stream', 8853437, 'et', '2019-03-09 22:09:06', '2011-04-24 12:23:20');
INSERT INTO `media` (`id`, `media_type_id`, `user_id`, `file_path`, `size`, `metadata`, `created_at`, `updated_at`) VALUES (72, 5, 72, 'application/vnd.wqd', 91155522, 'accusamus', '2018-10-25 18:32:30', '2018-10-13 11:04:20');
INSERT INTO `media` (`id`, `media_type_id`, `user_id`, `file_path`, `size`, `metadata`, `created_at`, `updated_at`) VALUES (73, 5, 73, 'text/uri-list', 508314, 'voluptate', '2019-11-09 16:42:32', '2015-05-19 03:57:22');
INSERT INTO `media` (`id`, `media_type_id`, `user_id`, `file_path`, `size`, `metadata`, `created_at`, `updated_at`) VALUES (74, 5, 74, 'application/vnd.oasis.opendocument.image', 1877, 'doloribus', '2017-09-11 07:48:41', '2018-10-15 14:38:07');
INSERT INTO `media` (`id`, `media_type_id`, `user_id`, `file_path`, `size`, `metadata`, `created_at`, `updated_at`) VALUES (75, 7, 75, 'text/vnd.in3d.3dml', 143889, 'ullam', '2014-02-18 14:03:33', '2016-12-06 10:00:42');
INSERT INTO `media` (`id`, `media_type_id`, `user_id`, `file_path`, `size`, `metadata`, `created_at`, `updated_at`) VALUES (76, 5, 76, 'video/h264', 296406072, 'delectus', '2012-03-03 21:50:05', '2018-09-15 15:56:30');
INSERT INTO `media` (`id`, `media_type_id`, `user_id`, `file_path`, `size`, `metadata`, `created_at`, `updated_at`) VALUES (77, 5, 77, 'application/vnd.oasis.opendocument.graphics', 4377, 'sit', '2012-05-09 20:09:22', '2011-09-30 05:53:03');
INSERT INTO `media` (`id`, `media_type_id`, `user_id`, `file_path`, `size`, `metadata`, `created_at`, `updated_at`) VALUES (78, 3, 78, 'image/vnd.dwg', 9075075, 'facilis', '2011-01-30 12:51:38', '2016-08-11 00:32:43');
INSERT INTO `media` (`id`, `media_type_id`, `user_id`, `file_path`, `size`, `metadata`, `created_at`, `updated_at`) VALUES (79, 1, 79, 'video/x-ms-wm', 97, 'sed', '2010-05-10 03:26:26', '2014-09-26 12:22:24');
INSERT INTO `media` (`id`, `media_type_id`, `user_id`, `file_path`, `size`, `metadata`, `created_at`, `updated_at`) VALUES (80, 6, 80, 'application/vnd.recordare.musicxml+xml', 5671, 'at', '2016-05-28 14:49:35', '2012-12-08 22:17:23');
INSERT INTO `media` (`id`, `media_type_id`, `user_id`, `file_path`, `size`, `metadata`, `created_at`, `updated_at`) VALUES (81, 5, 81, 'application/xslt+xml', 98, 'tempora', '2011-07-17 08:39:02', '2019-03-28 12:06:48');
INSERT INTO `media` (`id`, `media_type_id`, `user_id`, `file_path`, `size`, `metadata`, `created_at`, `updated_at`) VALUES (82, 5, 82, 'application/x-bittorrent', 5, 'earum', '2019-12-15 17:59:36', '2012-09-24 13:50:55');
INSERT INTO `media` (`id`, `media_type_id`, `user_id`, `file_path`, `size`, `metadata`, `created_at`, `updated_at`) VALUES (83, 8, 83, 'application/vnd.tcpdump.pcap', 8511, 'eum', '2016-09-29 02:31:07', '2016-12-20 18:14:49');
INSERT INTO `media` (`id`, `media_type_id`, `user_id`, `file_path`, `size`, `metadata`, `created_at`, `updated_at`) VALUES (84, 5, 84, 'application/vnd.vsf', 76940010, 'sint', '2015-02-24 01:40:11', '2015-08-14 11:12:39');
INSERT INTO `media` (`id`, `media_type_id`, `user_id`, `file_path`, `size`, `metadata`, `created_at`, `updated_at`) VALUES (85, 8, 85, 'application/x-cdlink', 153, 'officiis', '2013-06-09 17:29:56', '2015-11-04 01:06:05');
INSERT INTO `media` (`id`, `media_type_id`, `user_id`, `file_path`, `size`, `metadata`, `created_at`, `updated_at`) VALUES (86, 6, 86, 'application/vnd.syncml.dm+xml', 3969, 'natus', '2011-11-02 03:05:41', '2016-05-03 10:02:52');
INSERT INTO `media` (`id`, `media_type_id`, `user_id`, `file_path`, `size`, `metadata`, `created_at`, `updated_at`) VALUES (87, 2, 87, 'application/x-xfig', 5414089, 'ratione', '2018-04-10 17:13:45', '2019-10-09 22:31:20');
INSERT INTO `media` (`id`, `media_type_id`, `user_id`, `file_path`, `size`, `metadata`, `created_at`, `updated_at`) VALUES (88, 9, 88, 'application/vnd.umajin', 12, 'aperiam', '2015-02-04 21:03:05', '2012-10-10 23:40:47');
INSERT INTO `media` (`id`, `media_type_id`, `user_id`, `file_path`, `size`, `metadata`, `created_at`, `updated_at`) VALUES (89, 8, 89, 'application/vnd.mseq', 67, 'nam', '2012-01-09 00:09:11', '2019-12-08 00:34:40');
INSERT INTO `media` (`id`, `media_type_id`, `user_id`, `file_path`, `size`, `metadata`, `created_at`, `updated_at`) VALUES (90, 8, 90, 'application/x-shockwave-flash', 54, 'et', '2018-09-21 07:45:33', '2018-02-23 06:06:08');
INSERT INTO `media` (`id`, `media_type_id`, `user_id`, `file_path`, `size`, `metadata`, `created_at`, `updated_at`) VALUES (91, 0, 91, 'image/vnd.net-fpx', 235, 'et', '2014-06-24 03:16:44', '2013-06-13 23:21:24');
INSERT INTO `media` (`id`, `media_type_id`, `user_id`, `file_path`, `size`, `metadata`, `created_at`, `updated_at`) VALUES (92, 8, 92, 'image/x-xbitmap', 85425851, 'ut', '2013-11-11 18:12:58', '2016-01-15 03:57:43');
INSERT INTO `media` (`id`, `media_type_id`, `user_id`, `file_path`, `size`, `metadata`, `created_at`, `updated_at`) VALUES (93, 4, 93, 'application/vnd.llamagraphics.life-balance.exchange+xml', 59, 'perspiciatis', '2011-10-19 16:16:50', '2010-05-31 23:18:40');
INSERT INTO `media` (`id`, `media_type_id`, `user_id`, `file_path`, `size`, `metadata`, `created_at`, `updated_at`) VALUES (94, 6, 94, 'application/x-cpio', 0, 'ea', '2018-07-05 04:13:46', '2012-07-27 10:50:47');
INSERT INTO `media` (`id`, `media_type_id`, `user_id`, `file_path`, `size`, `metadata`, `created_at`, `updated_at`) VALUES (95, 0, 95, 'application/java-archive', 69, 'ducimus', '2012-02-18 20:24:39', '2015-04-15 06:39:22');
INSERT INTO `media` (`id`, `media_type_id`, `user_id`, `file_path`, `size`, `metadata`, `created_at`, `updated_at`) VALUES (96, 0, 96, 'application/x-gnumeric', 492861165, 'exercitationem', '2010-05-10 22:00:08', '2016-10-20 12:01:17');
INSERT INTO `media` (`id`, `media_type_id`, `user_id`, `file_path`, `size`, `metadata`, `created_at`, `updated_at`) VALUES (97, 2, 97, 'application/vnd.oasis.opendocument.text-master', 964313, 'voluptatibus', '2016-10-23 13:04:50', '2015-09-03 18:47:07');
INSERT INTO `media` (`id`, `media_type_id`, `user_id`, `file_path`, `size`, `metadata`, `created_at`, `updated_at`) VALUES (98, 6, 98, 'application/vnd.fdsn.seed', 45352, 'fugit', '2018-02-26 19:02:59', '2012-07-23 19:26:47');
INSERT INTO `media` (`id`, `media_type_id`, `user_id`, `file_path`, `size`, `metadata`, `created_at`, `updated_at`) VALUES (99, 0, 99, 'application/x-hdf', 2333, 'reprehenderit', '2011-08-05 19:44:08', '2012-06-19 14:39:26');
INSERT INTO `media` (`id`, `media_type_id`, `user_id`, `file_path`, `size`, `metadata`, `created_at`, `updated_at`) VALUES (100, 5, 100, 'application/vnd.openofficeorg.extension', 0, 'ab', '2013-08-02 21:01:38', '2014-07-29 11:56:21');


#
# TABLE STRUCTURE FOR: media_types
#

DROP TABLE IF EXISTS `media_types`;

CREATE TABLE `media_types` (
  `id` int(10) unsigned NOT NULL AUTO_INCREMENT,
  `name` varchar(255) COLLATE utf8_unicode_ci NOT NULL,
  PRIMARY KEY (`id`),
  UNIQUE KEY `name` (`name`)
) ENGINE=InnoDB DEFAULT CHARSET=utf8 COLLATE=utf8_unicode_ci;

#
# TABLE STRUCTURE FOR: messages
#

DROP TABLE IF EXISTS `messages`;

CREATE TABLE `messages` (
  `id` int(10) unsigned NOT NULL AUTO_INCREMENT,
  `from_user_id` int(10) unsigned NOT NULL,
  `to_user_id` int(10) unsigned NOT NULL,
  `body` text COLLATE utf8_unicode_ci NOT NULL,
  `is_important` tinyint(1) DEFAULT NULL,
  `is_delivered` tinyint(1) DEFAULT NULL,
  `created_at` datetime DEFAULT current_timestamp(),
  PRIMARY KEY (`id`)
) ENGINE=InnoDB AUTO_INCREMENT=101 DEFAULT CHARSET=utf8 COLLATE=utf8_unicode_ci;

INSERT INTO `messages` (`id`, `from_user_id`, `to_user_id`, `body`, `is_important`, `is_delivered`, `created_at`) VALUES (1, 1, 1, 'Facilis sequi repudiandae ab laudantium fugit ex dignissimos. At debitis omnis ipsum aut porro et. Tempore voluptatibus est praesentium debitis iste rerum.', 0, 0, '2013-04-07 19:42:50');
INSERT INTO `messages` (`id`, `from_user_id`, `to_user_id`, `body`, `is_important`, `is_delivered`, `created_at`) VALUES (2, 2, 2, 'Optio dignissimos sequi beatae esse rerum. Quod consectetur et sunt non ipsum. Culpa eos quidem ut necessitatibus aut ea est consequatur. Molestias veniam velit est culpa nesciunt nam corporis dolores.', 0, 0, '2019-07-27 22:22:51');
INSERT INTO `messages` (`id`, `from_user_id`, `to_user_id`, `body`, `is_important`, `is_delivered`, `created_at`) VALUES (3, 3, 3, 'Non laudantium dolorem aut sit dolores earum. Veniam fugit ut officia culpa. Aut omnis vitae qui similique dolorem.', 0, 0, '2016-11-10 16:14:07');
INSERT INTO `messages` (`id`, `from_user_id`, `to_user_id`, `body`, `is_important`, `is_delivered`, `created_at`) VALUES (4, 4, 4, 'Molestias eius voluptates ea sit ad non mollitia. Praesentium qui amet sunt voluptates. Laudantium perferendis consequatur qui quos tempora commodi.', 0, 0, '2013-05-03 23:32:13');
INSERT INTO `messages` (`id`, `from_user_id`, `to_user_id`, `body`, `is_important`, `is_delivered`, `created_at`) VALUES (5, 5, 5, 'Culpa odit reiciendis aut a nisi quis. Tempore ut qui amet saepe. Aut magnam veritatis nam ut. Error quasi veritatis eius quasi consequatur ut eum.', 0, 0, '2014-10-04 01:43:16');
INSERT INTO `messages` (`id`, `from_user_id`, `to_user_id`, `body`, `is_important`, `is_delivered`, `created_at`) VALUES (6, 6, 6, 'Vitae aliquam sit ab dolorum. Mollitia earum est eum animi. Quibusdam necessitatibus est laborum explicabo id. Facere voluptatem eos ut aliquam sed.', 0, 0, '2013-05-14 00:18:26');
INSERT INTO `messages` (`id`, `from_user_id`, `to_user_id`, `body`, `is_important`, `is_delivered`, `created_at`) VALUES (7, 7, 7, 'Commodi ratione ut dolores sed earum delectus similique. Quis dignissimos quaerat natus aut fugiat. Ea quia rerum iure saepe.', 0, 0, '2017-02-16 22:40:20');
INSERT INTO `messages` (`id`, `from_user_id`, `to_user_id`, `body`, `is_important`, `is_delivered`, `created_at`) VALUES (8, 8, 8, 'Voluptates ut voluptas et inventore debitis occaecati. Repellendus aliquam nihil deleniti ab neque. Exercitationem et aut molestiae nemo quia. Dolorem voluptas iusto quasi nihil.', 0, 0, '2011-09-28 14:01:38');
INSERT INTO `messages` (`id`, `from_user_id`, `to_user_id`, `body`, `is_important`, `is_delivered`, `created_at`) VALUES (9, 9, 9, 'Qui at explicabo quidem. Eos voluptatem molestiae tempora quos delectus dolor in. Eveniet qui provident veritatis accusamus. Reiciendis accusamus ratione fugit praesentium blanditiis corporis numquam.', 0, 0, '2017-07-15 11:13:20');
INSERT INTO `messages` (`id`, `from_user_id`, `to_user_id`, `body`, `is_important`, `is_delivered`, `created_at`) VALUES (10, 10, 10, 'Veniam similique accusamus ab qui corporis. Quisquam debitis accusantium ea laudantium ea libero. Provident odio id facere qui quia ipsa minus ipsam.', 0, 0, '2013-07-21 01:15:05');
INSERT INTO `messages` (`id`, `from_user_id`, `to_user_id`, `body`, `is_important`, `is_delivered`, `created_at`) VALUES (11, 11, 11, 'Rem necessitatibus praesentium porro quis sed repudiandae. Placeat rerum iusto voluptatem deserunt optio sed. Nemo id saepe deleniti necessitatibus quis magni ea.', 0, 0, '2015-01-30 14:05:11');
INSERT INTO `messages` (`id`, `from_user_id`, `to_user_id`, `body`, `is_important`, `is_delivered`, `created_at`) VALUES (12, 12, 12, 'Deleniti id est eaque fuga exercitationem culpa. Sed voluptas sit mollitia assumenda aperiam. Quo voluptatem facere aperiam. Dolore qui sed aut fugiat perferendis.', 0, 0, '2018-05-30 12:14:24');
INSERT INTO `messages` (`id`, `from_user_id`, `to_user_id`, `body`, `is_important`, `is_delivered`, `created_at`) VALUES (13, 13, 13, 'Voluptatem nostrum molestiae nam pariatur soluta. Et cumque eaque sequi accusantium nihil. Rerum officia nobis sit eaque provident.', 0, 0, '2017-03-31 11:12:02');
INSERT INTO `messages` (`id`, `from_user_id`, `to_user_id`, `body`, `is_important`, `is_delivered`, `created_at`) VALUES (14, 14, 14, 'Sint cumque non quod autem. Molestiae est dignissimos ea et voluptatem voluptatem dignissimos possimus. Et dolorem laboriosam eum nihil a est.', 0, 0, '2016-12-30 09:10:28');
INSERT INTO `messages` (`id`, `from_user_id`, `to_user_id`, `body`, `is_important`, `is_delivered`, `created_at`) VALUES (15, 15, 15, 'Ut sed provident esse modi et. Error dignissimos omnis quo ducimus. Aut molestiae pariatur nisi non animi esse debitis ab.', 0, 0, '2019-04-03 08:32:59');
INSERT INTO `messages` (`id`, `from_user_id`, `to_user_id`, `body`, `is_important`, `is_delivered`, `created_at`) VALUES (16, 16, 16, 'A voluptatum neque expedita vero numquam. Occaecati cupiditate velit ut. Nemo aut velit et quas.', 0, 0, '2016-04-06 04:57:39');
INSERT INTO `messages` (`id`, `from_user_id`, `to_user_id`, `body`, `is_important`, `is_delivered`, `created_at`) VALUES (17, 17, 17, 'Nemo omnis eum et laudantium nulla consequatur. Omnis qui libero molestiae officiis. Quia illo velit debitis exercitationem nam.', 0, 0, '2018-04-23 02:42:19');
INSERT INTO `messages` (`id`, `from_user_id`, `to_user_id`, `body`, `is_important`, `is_delivered`, `created_at`) VALUES (18, 18, 18, 'Ab recusandae doloribus et laboriosam unde. Rerum quo aut aperiam expedita ab qui adipisci. Doloremque deserunt sunt magnam ipsum ipsam a.', 0, 0, '2011-01-15 23:44:31');
INSERT INTO `messages` (`id`, `from_user_id`, `to_user_id`, `body`, `is_important`, `is_delivered`, `created_at`) VALUES (19, 19, 19, 'Voluptatem sint quo nisi et sequi dolore omnis quia. Quo facere earum molestiae vel. Et ad fugiat provident facilis eum.', 0, 0, '2015-07-08 00:42:30');
INSERT INTO `messages` (`id`, `from_user_id`, `to_user_id`, `body`, `is_important`, `is_delivered`, `created_at`) VALUES (20, 20, 20, 'Nihil fugiat vel id dolorem pariatur voluptatem ad quis. Dolores nobis illum similique ad sed aliquam eos. Ab quia voluptates inventore quisquam sequi dolorem occaecati ut. Quae omnis quod earum.', 0, 0, '2013-08-26 11:46:11');
INSERT INTO `messages` (`id`, `from_user_id`, `to_user_id`, `body`, `is_important`, `is_delivered`, `created_at`) VALUES (21, 21, 21, 'Laudantium eaque consectetur voluptatem quasi. Maxime sequi eum accusamus recusandae autem. Illo quibusdam accusantium quia rerum dignissimos numquam sed. Voluptatum rerum eveniet doloribus quaerat. Dolores accusantium expedita et cupiditate earum.', 0, 0, '2019-06-02 02:59:21');
INSERT INTO `messages` (`id`, `from_user_id`, `to_user_id`, `body`, `is_important`, `is_delivered`, `created_at`) VALUES (22, 22, 22, 'Qui aut dicta et sint ipsam itaque. Non eligendi aut quos tempore consequatur. Iure vitae debitis aspernatur dolores expedita. Deleniti laboriosam hic id nam nisi repellat rerum.', 0, 0, '2018-05-04 23:51:15');
INSERT INTO `messages` (`id`, `from_user_id`, `to_user_id`, `body`, `is_important`, `is_delivered`, `created_at`) VALUES (23, 23, 23, 'Id voluptas praesentium aut non. Id provident minima enim ut dolorem. Voluptas corporis qui quasi eos. Dignissimos unde quis sapiente et consequatur quae.', 0, 0, '2014-02-03 02:11:57');
INSERT INTO `messages` (`id`, `from_user_id`, `to_user_id`, `body`, `is_important`, `is_delivered`, `created_at`) VALUES (24, 24, 24, 'Pariatur est soluta et. Molestiae ut consequatur officiis nobis animi qui. Fugiat ducimus expedita quod rem tempora quia.', 0, 0, '2012-12-28 21:07:28');
INSERT INTO `messages` (`id`, `from_user_id`, `to_user_id`, `body`, `is_important`, `is_delivered`, `created_at`) VALUES (25, 25, 25, 'Nam sunt numquam sunt qui quia. Delectus ut et rem ut. Iusto dolor asperiores sint non.', 0, 0, '2011-06-03 17:54:33');
INSERT INTO `messages` (`id`, `from_user_id`, `to_user_id`, `body`, `is_important`, `is_delivered`, `created_at`) VALUES (26, 26, 26, 'Illum ut qui sint. Excepturi consequuntur qui non alias. Fuga tenetur ut fugit iure reiciendis ea. Voluptatem neque repellat consequatur.', 0, 0, '2014-12-03 22:07:10');
INSERT INTO `messages` (`id`, `from_user_id`, `to_user_id`, `body`, `is_important`, `is_delivered`, `created_at`) VALUES (27, 27, 27, 'Veniam aut ipsum alias facilis fuga esse. Aspernatur voluptatibus voluptas dolorem rerum. Non ducimus veniam dolorem odio.', 0, 0, '2019-09-23 00:22:07');
INSERT INTO `messages` (`id`, `from_user_id`, `to_user_id`, `body`, `is_important`, `is_delivered`, `created_at`) VALUES (28, 28, 28, 'Similique sed sed sed explicabo exercitationem cumque. Quod id laboriosam beatae dolore. Facere quaerat aliquid nostrum.', 0, 0, '2015-05-02 06:04:44');
INSERT INTO `messages` (`id`, `from_user_id`, `to_user_id`, `body`, `is_important`, `is_delivered`, `created_at`) VALUES (29, 29, 29, 'Praesentium magnam reprehenderit rerum. Similique quam nulla et placeat. Eveniet ex cum itaque minus earum. Quam ad cum labore fugiat unde vitae.', 0, 0, '2014-05-19 15:57:46');
INSERT INTO `messages` (`id`, `from_user_id`, `to_user_id`, `body`, `is_important`, `is_delivered`, `created_at`) VALUES (30, 30, 30, 'Mollitia voluptatibus quia deserunt similique nesciunt tenetur. Alias harum distinctio ipsum enim. Perspiciatis nostrum optio neque earum.', 0, 0, '2019-05-14 17:00:21');
INSERT INTO `messages` (`id`, `from_user_id`, `to_user_id`, `body`, `is_important`, `is_delivered`, `created_at`) VALUES (31, 31, 31, 'Odio laudantium et aliquid aut. Quia tempore et necessitatibus dolor.', 0, 0, '2011-04-02 23:08:43');
INSERT INTO `messages` (`id`, `from_user_id`, `to_user_id`, `body`, `is_important`, `is_delivered`, `created_at`) VALUES (32, 32, 32, 'Dolore quo similique nihil. Veritatis voluptatibus reiciendis qui a ut. Molestiae dolorum totam molestias est magni ut dolores. Quia aperiam et suscipit ut tempore. Vero nam ratione amet voluptas.', 0, 0, '2012-10-01 04:52:55');
INSERT INTO `messages` (`id`, `from_user_id`, `to_user_id`, `body`, `is_important`, `is_delivered`, `created_at`) VALUES (33, 33, 33, 'Optio reiciendis voluptas sit et enim. Qui molestiae provident soluta soluta recusandae dolorem rerum. Et ut dolor tempora nemo ullam dolorem non.', 0, 0, '2015-06-25 00:26:28');
INSERT INTO `messages` (`id`, `from_user_id`, `to_user_id`, `body`, `is_important`, `is_delivered`, `created_at`) VALUES (34, 34, 34, 'Ipsam amet quae alias facere aut aperiam eos. Recusandae ipsa minus a numquam explicabo. Necessitatibus possimus provident voluptas aliquid dolorem a.', 0, 0, '2012-12-26 21:38:38');
INSERT INTO `messages` (`id`, `from_user_id`, `to_user_id`, `body`, `is_important`, `is_delivered`, `created_at`) VALUES (35, 35, 35, 'Numquam aut dolores est quis sit. Repellat distinctio nostrum id sequi. Dolores ducimus dolore eius rerum sed alias maiores. Cumque est explicabo qui impedit dolor et rerum.', 0, 0, '2017-07-30 00:05:11');
INSERT INTO `messages` (`id`, `from_user_id`, `to_user_id`, `body`, `is_important`, `is_delivered`, `created_at`) VALUES (36, 36, 36, 'Qui accusantium recusandae et. Rerum veritatis est est beatae dolore dolores tempore. Velit vero qui maiores error modi minus sunt. Consectetur sint et natus enim.', 0, 0, '2013-07-10 21:33:11');
INSERT INTO `messages` (`id`, `from_user_id`, `to_user_id`, `body`, `is_important`, `is_delivered`, `created_at`) VALUES (37, 37, 37, 'Repellendus dolor et nobis illo maxime. Distinctio sit laborum reiciendis aut. Inventore quasi aliquam adipisci repellat adipisci. Modi esse nostrum et fuga.', 0, 0, '2017-07-26 01:08:49');
INSERT INTO `messages` (`id`, `from_user_id`, `to_user_id`, `body`, `is_important`, `is_delivered`, `created_at`) VALUES (38, 38, 38, 'Occaecati delectus reprehenderit consequatur vel et. Beatae aut ad amet dolorem officia nostrum debitis. Esse nobis aliquam nostrum non impedit quo repellendus sint.', 0, 0, '2013-05-04 04:31:59');
INSERT INTO `messages` (`id`, `from_user_id`, `to_user_id`, `body`, `is_important`, `is_delivered`, `created_at`) VALUES (39, 39, 39, 'Rerum velit perferendis quae quas ipsam occaecati. Voluptas a cumque in incidunt minima. Voluptatem tempora ad et debitis molestiae.', 0, 0, '2019-07-11 13:05:15');
INSERT INTO `messages` (`id`, `from_user_id`, `to_user_id`, `body`, `is_important`, `is_delivered`, `created_at`) VALUES (40, 40, 40, 'Explicabo quia ducimus autem. Eveniet totam debitis aliquam mollitia accusamus. Voluptatem ut dignissimos accusantium quaerat mollitia.', 0, 0, '2011-05-01 09:47:13');
INSERT INTO `messages` (`id`, `from_user_id`, `to_user_id`, `body`, `is_important`, `is_delivered`, `created_at`) VALUES (41, 41, 41, 'Est amet sit aliquam eveniet. Minus quia et at minus similique aut. Sunt omnis vitae aliquam aut explicabo. Minus atque molestias qui non consequuntur. Esse dolor necessitatibus aliquid est error omnis.', 0, 0, '2011-04-21 12:27:18');
INSERT INTO `messages` (`id`, `from_user_id`, `to_user_id`, `body`, `is_important`, `is_delivered`, `created_at`) VALUES (42, 42, 42, 'Harum aut fugit magnam praesentium distinctio. Quo neque veritatis dicta quibusdam qui atque. Alias aut minus sed nulla. Eos quam maiores exercitationem animi.', 0, 0, '2019-09-13 16:34:12');
INSERT INTO `messages` (`id`, `from_user_id`, `to_user_id`, `body`, `is_important`, `is_delivered`, `created_at`) VALUES (43, 43, 43, 'Dolores suscipit animi voluptatem rem est architecto. A et distinctio molestiae dolorem autem sed. Qui reprehenderit totam velit harum perferendis tenetur eum officia. Velit est at voluptatibus fugiat nesciunt.', 0, 0, '2019-07-25 13:16:18');
INSERT INTO `messages` (`id`, `from_user_id`, `to_user_id`, `body`, `is_important`, `is_delivered`, `created_at`) VALUES (44, 44, 44, 'Cumque deleniti architecto nulla impedit. Dolores vel facilis nihil repellat voluptas animi cupiditate. Dolor vel incidunt voluptates ut.', 0, 0, '2015-09-07 16:53:47');
INSERT INTO `messages` (`id`, `from_user_id`, `to_user_id`, `body`, `is_important`, `is_delivered`, `created_at`) VALUES (45, 45, 45, 'Reprehenderit architecto est aspernatur natus facilis labore sed. Quia iusto ea consequatur nesciunt. Pariatur occaecati et repellendus consequatur vel autem.', 0, 0, '2015-11-15 21:05:57');
INSERT INTO `messages` (`id`, `from_user_id`, `to_user_id`, `body`, `is_important`, `is_delivered`, `created_at`) VALUES (46, 46, 46, 'Accusantium sit alias et nobis ut qui. Et quia non minus et molestias. Et quidem quia molestiae voluptatem.', 0, 0, '2016-07-17 08:30:54');
INSERT INTO `messages` (`id`, `from_user_id`, `to_user_id`, `body`, `is_important`, `is_delivered`, `created_at`) VALUES (47, 47, 47, 'Aut et eius iste et voluptas. Tempore sunt dolorem sit perferendis aut fuga. Sapiente quos minus quo. Tenetur omnis omnis sunt.', 0, 0, '2016-03-24 23:10:20');
INSERT INTO `messages` (`id`, `from_user_id`, `to_user_id`, `body`, `is_important`, `is_delivered`, `created_at`) VALUES (48, 48, 48, 'Sit provident quis in harum. Voluptatem quis repellendus placeat neque corrupti pariatur nesciunt qui. Cupiditate ducimus ad vel totam non est qui.', 0, 0, '2016-03-02 18:57:37');
INSERT INTO `messages` (`id`, `from_user_id`, `to_user_id`, `body`, `is_important`, `is_delivered`, `created_at`) VALUES (49, 49, 49, 'Ipsum neque sed ut. Aut aut exercitationem voluptatem. Odio earum quis mollitia quia. Ut atque a architecto sunt sequi. Et quos sit possimus qui tempore quo.', 0, 0, '2019-01-26 11:34:52');
INSERT INTO `messages` (`id`, `from_user_id`, `to_user_id`, `body`, `is_important`, `is_delivered`, `created_at`) VALUES (50, 50, 50, 'Excepturi voluptatem consequuntur perspiciatis saepe qui. Quaerat consequatur tenetur modi accusantium maiores non. Voluptates incidunt odio accusantium corrupti modi aliquam quod qui.', 0, 0, '2011-04-12 17:11:42');
INSERT INTO `messages` (`id`, `from_user_id`, `to_user_id`, `body`, `is_important`, `is_delivered`, `created_at`) VALUES (51, 51, 51, 'Doloremque dolor voluptatem et qui. Ducimus voluptatem et consequatur. Sed recusandae incidunt qui dolorum neque excepturi. Nihil ut corporis et.', 0, 0, '2017-06-20 20:29:12');
INSERT INTO `messages` (`id`, `from_user_id`, `to_user_id`, `body`, `is_important`, `is_delivered`, `created_at`) VALUES (52, 52, 52, 'Est assumenda aut quia non nemo sint est. Excepturi dignissimos quia saepe qui distinctio sint similique. Nihil deleniti distinctio distinctio voluptas animi.', 0, 0, '2018-06-29 16:36:53');
INSERT INTO `messages` (`id`, `from_user_id`, `to_user_id`, `body`, `is_important`, `is_delivered`, `created_at`) VALUES (53, 53, 53, 'Eveniet dolorem in atque culpa. Ut voluptatem quia quod nemo autem ut. Suscipit et non occaecati deleniti magni aut.', 0, 0, '2016-04-04 03:08:46');
INSERT INTO `messages` (`id`, `from_user_id`, `to_user_id`, `body`, `is_important`, `is_delivered`, `created_at`) VALUES (54, 54, 54, 'Et dolorem ullam omnis reprehenderit blanditiis veniam. Dolores voluptate qui et id.', 0, 0, '2013-03-04 09:30:01');
INSERT INTO `messages` (`id`, `from_user_id`, `to_user_id`, `body`, `is_important`, `is_delivered`, `created_at`) VALUES (55, 55, 55, 'Accusantium quia ad qui quia. Ipsam esse magni sit quas aspernatur est doloremque. Consequatur exercitationem velit autem quia. Libero vitae est et praesentium ut pariatur.', 0, 0, '2015-12-29 21:53:04');
INSERT INTO `messages` (`id`, `from_user_id`, `to_user_id`, `body`, `is_important`, `is_delivered`, `created_at`) VALUES (56, 56, 56, 'Nobis sapiente dolorum voluptas est. Omnis quod omnis consequatur omnis est eos. Qui minima ullam rerum esse nesciunt.', 0, 0, '2010-05-30 03:56:43');
INSERT INTO `messages` (`id`, `from_user_id`, `to_user_id`, `body`, `is_important`, `is_delivered`, `created_at`) VALUES (57, 57, 57, 'Et autem quam nihil doloremque tenetur. Expedita consequuntur earum consequatur similique possimus a quam. Hic accusantium tempora nisi eos ut non.', 0, 0, '2016-09-28 07:07:35');
INSERT INTO `messages` (`id`, `from_user_id`, `to_user_id`, `body`, `is_important`, `is_delivered`, `created_at`) VALUES (58, 58, 58, 'Est vel sed consequatur quas et eligendi tempora. Incidunt dolorem quidem sed distinctio nihil. Eos similique quis ducimus.', 0, 0, '2011-07-04 05:51:25');
INSERT INTO `messages` (`id`, `from_user_id`, `to_user_id`, `body`, `is_important`, `is_delivered`, `created_at`) VALUES (59, 59, 59, 'Soluta velit inventore error incidunt non illum non. Assumenda sunt ipsam beatae provident doloribus at. Soluta eveniet similique illo fugit facilis magni et quas. Officia voluptatibus quo deleniti quibusdam praesentium.', 0, 0, '2019-12-06 06:30:40');
INSERT INTO `messages` (`id`, `from_user_id`, `to_user_id`, `body`, `is_important`, `is_delivered`, `created_at`) VALUES (60, 60, 60, 'Omnis quidem inventore consectetur tempora. Omnis aspernatur labore eius est. Et natus ut tenetur cumque.', 0, 0, '2015-08-20 19:37:20');
INSERT INTO `messages` (`id`, `from_user_id`, `to_user_id`, `body`, `is_important`, `is_delivered`, `created_at`) VALUES (61, 61, 61, 'Architecto ut velit mollitia explicabo est tempore eos. Incidunt repellendus quisquam eum voluptas repellat enim voluptas. Quo suscipit et ex odio quas.', 0, 0, '2010-06-28 23:43:48');
INSERT INTO `messages` (`id`, `from_user_id`, `to_user_id`, `body`, `is_important`, `is_delivered`, `created_at`) VALUES (62, 62, 62, 'Alias asperiores autem est sit porro. Doloribus expedita voluptatem rerum incidunt sit et voluptatem autem. Ipsa voluptatem numquam minima. Libero deserunt quo quia enim iusto et a.', 0, 0, '2015-01-04 08:09:47');
INSERT INTO `messages` (`id`, `from_user_id`, `to_user_id`, `body`, `is_important`, `is_delivered`, `created_at`) VALUES (63, 63, 63, 'Id et voluptatibus mollitia quam. Saepe impedit cum eum quia quas a sapiente. Non at sed amet quae.', 0, 0, '2015-07-13 00:54:50');
INSERT INTO `messages` (`id`, `from_user_id`, `to_user_id`, `body`, `is_important`, `is_delivered`, `created_at`) VALUES (64, 64, 64, 'Eum odit accusantium cum. Soluta possimus eligendi et itaque sed. Aut qui et soluta dicta laboriosam dolor. Recusandae voluptas sit quas sunt perferendis placeat.', 0, 0, '2019-12-22 12:20:42');
INSERT INTO `messages` (`id`, `from_user_id`, `to_user_id`, `body`, `is_important`, `is_delivered`, `created_at`) VALUES (65, 65, 65, 'Sunt sed assumenda porro porro occaecati laborum accusantium. Cupiditate consectetur ratione et nobis. Omnis et laboriosam accusamus praesentium tempore ex est rem. Recusandae amet optio mollitia et vel nesciunt asperiores. Eum recusandae perferendis nihil rerum.', 0, 0, '2017-09-24 05:50:04');
INSERT INTO `messages` (`id`, `from_user_id`, `to_user_id`, `body`, `is_important`, `is_delivered`, `created_at`) VALUES (66, 66, 66, 'Fugiat est laudantium odit ut sunt illum. Ut magni voluptatem ut facere et. Hic beatae repellat sint excepturi natus aut nostrum. Delectus sunt nulla qui exercitationem porro.', 0, 0, '2010-07-15 18:39:14');
INSERT INTO `messages` (`id`, `from_user_id`, `to_user_id`, `body`, `is_important`, `is_delivered`, `created_at`) VALUES (67, 67, 67, 'Expedita voluptatem possimus tenetur ex deserunt. Maiores molestias inventore quaerat repudiandae pariatur quis.', 0, 0, '2010-06-01 09:19:08');
INSERT INTO `messages` (`id`, `from_user_id`, `to_user_id`, `body`, `is_important`, `is_delivered`, `created_at`) VALUES (68, 68, 68, 'Eos voluptates culpa doloribus ullam expedita nesciunt. Fugit quam qui qui aliquid. Alias natus quae est aspernatur molestiae asperiores.', 0, 0, '2015-11-07 03:56:11');
INSERT INTO `messages` (`id`, `from_user_id`, `to_user_id`, `body`, `is_important`, `is_delivered`, `created_at`) VALUES (69, 69, 69, 'In voluptas omnis quia qui quis. Ea cum consequatur ipsum quibusdam nisi cum. Cum omnis voluptatem laudantium.', 0, 0, '2013-06-13 06:38:36');
INSERT INTO `messages` (`id`, `from_user_id`, `to_user_id`, `body`, `is_important`, `is_delivered`, `created_at`) VALUES (70, 70, 70, 'At et esse dolorem non minus saepe. Porro dignissimos vel at. Repellendus est omnis doloremque non est ab repudiandae.', 0, 0, '2013-02-07 14:54:13');
INSERT INTO `messages` (`id`, `from_user_id`, `to_user_id`, `body`, `is_important`, `is_delivered`, `created_at`) VALUES (71, 71, 71, 'Pariatur minima quidem ut rem blanditiis et corrupti recusandae. Optio debitis quis molestiae reprehenderit optio non rerum porro. Qui quis est aut enim est sapiente ratione perspiciatis.', 0, 0, '2014-06-13 03:03:13');
INSERT INTO `messages` (`id`, `from_user_id`, `to_user_id`, `body`, `is_important`, `is_delivered`, `created_at`) VALUES (72, 72, 72, 'Unde corporis maiores facere sed. Et similique dolor ea saepe. Consequatur qui vitae nihil.', 0, 0, '2013-12-16 07:49:05');
INSERT INTO `messages` (`id`, `from_user_id`, `to_user_id`, `body`, `is_important`, `is_delivered`, `created_at`) VALUES (73, 73, 73, 'Quo aut accusantium aliquid recusandae deleniti. Voluptatibus et provident aut repudiandae. Accusamus nisi ad accusamus deserunt porro. Blanditiis voluptatem sed qui at.', 0, 0, '2015-01-23 18:09:58');
INSERT INTO `messages` (`id`, `from_user_id`, `to_user_id`, `body`, `is_important`, `is_delivered`, `created_at`) VALUES (74, 74, 74, 'Non qui repudiandae iste architecto aut. Voluptatibus ut consectetur atque aut rerum non. Sed voluptatem non debitis laudantium ut eaque porro. Est dolorem asperiores et rem veniam enim quia dolorem.', 0, 0, '2013-05-07 03:00:05');
INSERT INTO `messages` (`id`, `from_user_id`, `to_user_id`, `body`, `is_important`, `is_delivered`, `created_at`) VALUES (75, 75, 75, 'Impedit eaque eius totam ut. Corporis omnis enim dolor sapiente animi rerum aut. Quae quos reprehenderit quidem ea quibusdam natus autem soluta.', 0, 0, '2019-05-03 03:02:40');
INSERT INTO `messages` (`id`, `from_user_id`, `to_user_id`, `body`, `is_important`, `is_delivered`, `created_at`) VALUES (76, 76, 76, 'Consectetur tenetur odit quia eos. Et dignissimos et tempore sint alias. Eum fugit asperiores perspiciatis aut cupiditate et animi. Et quibusdam dicta modi blanditiis odit consectetur.', 0, 0, '2018-01-27 09:05:28');
INSERT INTO `messages` (`id`, `from_user_id`, `to_user_id`, `body`, `is_important`, `is_delivered`, `created_at`) VALUES (77, 77, 77, 'Eligendi voluptate accusantium et dolorem non ad. Unde sit fuga aliquam culpa tempora architecto doloribus. Labore ut et odio cupiditate expedita quo. Aliquam ratione minima dolorum.', 0, 0, '2017-01-08 17:43:34');
INSERT INTO `messages` (`id`, `from_user_id`, `to_user_id`, `body`, `is_important`, `is_delivered`, `created_at`) VALUES (78, 78, 78, 'Tenetur recusandae aliquam id error. Necessitatibus perferendis dolorum error commodi sed. Ut sed dolores nostrum velit corrupti.', 0, 0, '2015-01-18 07:55:43');
INSERT INTO `messages` (`id`, `from_user_id`, `to_user_id`, `body`, `is_important`, `is_delivered`, `created_at`) VALUES (79, 79, 79, 'Ut nostrum id officia. Repellat dolorem provident ipsum et tenetur. Alias accusantium laudantium in.', 0, 0, '2017-06-20 12:02:08');
INSERT INTO `messages` (`id`, `from_user_id`, `to_user_id`, `body`, `is_important`, `is_delivered`, `created_at`) VALUES (80, 80, 80, 'Et sit sed voluptas atque. Voluptates ipsum animi eveniet vitae.', 0, 0, '2019-05-17 21:04:13');
INSERT INTO `messages` (`id`, `from_user_id`, `to_user_id`, `body`, `is_important`, `is_delivered`, `created_at`) VALUES (81, 81, 81, 'Est aliquam numquam sapiente qui odio minus illum voluptatem. Amet voluptatem sit quia commodi qui quia ullam. Officiis quia dignissimos qui sint qui asperiores. Repudiandae ab consequuntur rerum asperiores ut aut aut ut.', 0, 0, '2018-09-10 18:04:54');
INSERT INTO `messages` (`id`, `from_user_id`, `to_user_id`, `body`, `is_important`, `is_delivered`, `created_at`) VALUES (82, 82, 82, 'Et id error eaque soluta et. Reprehenderit rem iste quisquam voluptas quas. Perspiciatis deleniti ducimus dolore nihil.', 0, 0, '2018-10-17 08:37:35');
INSERT INTO `messages` (`id`, `from_user_id`, `to_user_id`, `body`, `is_important`, `is_delivered`, `created_at`) VALUES (83, 83, 83, 'Perspiciatis atque ut voluptatem hic. Quia culpa aperiam aspernatur impedit. Et dolorem omnis alias sit. Non eius et sint.', 0, 0, '2010-06-05 21:04:59');
INSERT INTO `messages` (`id`, `from_user_id`, `to_user_id`, `body`, `is_important`, `is_delivered`, `created_at`) VALUES (84, 84, 84, 'Atque maiores asperiores aliquam quidem inventore omnis aspernatur. Provident optio possimus harum non omnis. Placeat inventore quia beatae sit perspiciatis sed consequuntur. Perspiciatis sed facilis omnis consequatur aut quibusdam architecto.', 0, 0, '2012-09-07 11:01:25');
INSERT INTO `messages` (`id`, `from_user_id`, `to_user_id`, `body`, `is_important`, `is_delivered`, `created_at`) VALUES (85, 85, 85, 'Qui odit harum aliquid molestiae a. Repudiandae dolor sit aperiam et voluptates non quis. Nihil eveniet nam fuga molestias. Iusto repudiandae ut quae.', 0, 0, '2015-08-07 23:33:55');
INSERT INTO `messages` (`id`, `from_user_id`, `to_user_id`, `body`, `is_important`, `is_delivered`, `created_at`) VALUES (86, 86, 86, 'Inventore magni quasi tempora nihil vel animi. Voluptate vel vitae dolorem eum magnam. Ipsa dignissimos ab minima cumque laborum error suscipit dolores.', 0, 0, '2019-06-28 21:16:10');
INSERT INTO `messages` (`id`, `from_user_id`, `to_user_id`, `body`, `is_important`, `is_delivered`, `created_at`) VALUES (87, 87, 87, 'Molestiae corporis dignissimos nihil non nihil incidunt. Aut sed consequatur consectetur eos nemo aliquam. Expedita et animi dolores aut et sit.', 0, 0, '2012-09-13 14:35:07');
INSERT INTO `messages` (`id`, `from_user_id`, `to_user_id`, `body`, `is_important`, `is_delivered`, `created_at`) VALUES (88, 88, 88, 'Nostrum sit id autem eos. Accusantium expedita asperiores reprehenderit deserunt eum sit nihil. Voluptatem vitae provident qui odit similique officiis.', 0, 0, '2019-04-16 12:01:10');
INSERT INTO `messages` (`id`, `from_user_id`, `to_user_id`, `body`, `is_important`, `is_delivered`, `created_at`) VALUES (89, 89, 89, 'Quibusdam autem neque aperiam ut assumenda aut. Omnis explicabo amet cupiditate qui occaecati vel rerum nam. Autem quia distinctio voluptatem omnis ut alias.', 0, 0, '2018-09-09 15:06:47');
INSERT INTO `messages` (`id`, `from_user_id`, `to_user_id`, `body`, `is_important`, `is_delivered`, `created_at`) VALUES (90, 90, 90, 'Quibusdam quis commodi soluta corrupti ut ducimus. Perferendis et et asperiores dignissimos repudiandae est. Accusantium dolore reprehenderit nemo vel. Ab molestias vitae delectus enim. Quia sit at molestiae consequuntur ab alias.', 0, 0, '2018-09-15 12:40:38');
INSERT INTO `messages` (`id`, `from_user_id`, `to_user_id`, `body`, `is_important`, `is_delivered`, `created_at`) VALUES (91, 91, 91, 'Facere voluptatem earum accusantium deserunt explicabo ea. Tempora consequuntur officiis ut. Minus rerum sint totam quasi libero ullam. Sunt est occaecati tenetur.', 0, 0, '2014-03-21 06:55:43');
INSERT INTO `messages` (`id`, `from_user_id`, `to_user_id`, `body`, `is_important`, `is_delivered`, `created_at`) VALUES (92, 92, 92, 'Impedit magni odit quidem sed dolore atque nobis. Voluptatem voluptatum quae tenetur excepturi quaerat. Libero dolor exercitationem dolores tempora distinctio non. Est qui amet voluptatem sunt quia mollitia.', 0, 0, '2011-06-30 21:36:44');
INSERT INTO `messages` (`id`, `from_user_id`, `to_user_id`, `body`, `is_important`, `is_delivered`, `created_at`) VALUES (93, 93, 93, 'Praesentium ipsam voluptas voluptas est. Mollitia est soluta eum rerum sit laborum eum. Distinctio aspernatur sequi nemo omnis blanditiis.', 0, 0, '2011-07-11 01:27:03');
INSERT INTO `messages` (`id`, `from_user_id`, `to_user_id`, `body`, `is_important`, `is_delivered`, `created_at`) VALUES (94, 94, 94, 'Voluptatem rem et mollitia et dolorem officia. Nisi neque eligendi earum consequuntur totam consectetur eum rem. Placeat qui asperiores ipsa rerum voluptate quae et eaque.', 0, 0, '2017-12-26 08:26:06');
INSERT INTO `messages` (`id`, `from_user_id`, `to_user_id`, `body`, `is_important`, `is_delivered`, `created_at`) VALUES (95, 95, 95, 'Non expedita quas nam cum ut dicta. Provident officiis ut qui. Enim ut minima totam at quis.', 0, 0, '2019-04-02 18:55:50');
INSERT INTO `messages` (`id`, `from_user_id`, `to_user_id`, `body`, `is_important`, `is_delivered`, `created_at`) VALUES (96, 96, 96, 'Iure non dolores sit accusamus et ut eos. Quo aperiam omnis quod quidem est alias. Repudiandae temporibus reiciendis modi ipsam fuga qui harum. Vel qui necessitatibus ut rerum et nihil quisquam.', 0, 0, '2011-02-28 11:24:29');
INSERT INTO `messages` (`id`, `from_user_id`, `to_user_id`, `body`, `is_important`, `is_delivered`, `created_at`) VALUES (97, 97, 97, 'Voluptatibus ut rem in ipsam ea ut. Nemo incidunt laboriosam at quo minus provident. Voluptas quo quisquam in laudantium rerum nostrum officiis.', 0, 0, '2014-03-22 08:14:16');
INSERT INTO `messages` (`id`, `from_user_id`, `to_user_id`, `body`, `is_important`, `is_delivered`, `created_at`) VALUES (98, 98, 98, 'Officiis temporibus quasi voluptatem enim sint. Dolores quia ut accusantium in. Id beatae est odit est consectetur et. Quos officiis sunt itaque et omnis et.', 0, 0, '2016-06-18 03:33:22');
INSERT INTO `messages` (`id`, `from_user_id`, `to_user_id`, `body`, `is_important`, `is_delivered`, `created_at`) VALUES (99, 99, 99, 'Dolor facere molestias voluptate aliquam dolorem. Veniam qui praesentium ut quaerat enim soluta. Magnam corrupti similique maiores et repudiandae. Occaecati est aut aut sint eaque ipsam reprehenderit.', 0, 0, '2016-03-31 22:08:31');
INSERT INTO `messages` (`id`, `from_user_id`, `to_user_id`, `body`, `is_important`, `is_delivered`, `created_at`) VALUES (100, 100, 100, 'Optio quia libero autem et et minus facilis. Porro autem suscipit ipsum enim dolores. Et porro quia nesciunt cupiditate quas et.', 0, 0, '2016-11-08 11:17:40');


#
# TABLE STRUCTURE FOR: profiles
#

DROP TABLE IF EXISTS `profiles`;

CREATE TABLE `profiles` (
  `user_id` int(10) unsigned NOT NULL,
  `gender` char(1) COLLATE utf8_unicode_ci NOT NULL,
  `birthday` date NOT NULL,
  `city` varchar(20) COLLATE utf8_unicode_ci DEFAULT NULL,
  `country` varchar(20) COLLATE utf8_unicode_ci DEFAULT NULL,
  `photo_id` int(10) unsigned DEFAULT NULL,
  `create_at` datetime DEFAULT current_timestamp(),
  `updated_at` datetime DEFAULT current_timestamp() ON UPDATE current_timestamp(),
  PRIMARY KEY (`user_id`),
  KEY `index_of_photo_id` (`photo_id`)
) ENGINE=InnoDB DEFAULT CHARSET=utf8 COLLATE=utf8_unicode_ci;

INSERT INTO `profiles` (`user_id`, `gender`, `birthday`, `city`, `country`, `photo_id`, `create_at`, `updated_at`) VALUES (1, 'f', '1991-11-18', 'Kenyatown', 'Gambia', 20, '2019-03-04 04:32:11', '2015-07-26 09:20:44');
INSERT INTO `profiles` (`user_id`, `gender`, `birthday`, `city`, `country`, `photo_id`, `create_at`, `updated_at`) VALUES (2, 'f', '1981-07-11', 'Rodriguezberg', 'Reunion', 52, '2015-05-13 13:52:36', '2011-10-01 22:49:15');
INSERT INTO `profiles` (`user_id`, `gender`, `birthday`, `city`, `country`, `photo_id`, `create_at`, `updated_at`) VALUES (3, 'm', '1987-01-25', 'East Lylaport', 'France', 1, '2016-05-30 08:18:04', '2018-02-03 14:04:47');
INSERT INTO `profiles` (`user_id`, `gender`, `birthday`, `city`, `country`, `photo_id`, `create_at`, `updated_at`) VALUES (4, 'm', '1982-12-25', 'Dickensville', 'Ukraine', 60, '2015-08-16 13:46:14', '2011-05-16 05:46:09');
INSERT INTO `profiles` (`user_id`, `gender`, `birthday`, `city`, `country`, `photo_id`, `create_at`, `updated_at`) VALUES (5, 'f', '1982-02-24', 'Paulinebury', 'Guam', 55, '2011-05-30 23:08:57', '2012-11-15 03:16:04');
INSERT INTO `profiles` (`user_id`, `gender`, `birthday`, `city`, `country`, `photo_id`, `create_at`, `updated_at`) VALUES (6, 'm', '1974-02-15', 'North Theodoraboroug', 'Mali', 27, '2011-06-09 04:24:38', '2011-10-05 16:14:18');
INSERT INTO `profiles` (`user_id`, `gender`, `birthday`, `city`, `country`, `photo_id`, `create_at`, `updated_at`) VALUES (7, 'm', '2019-04-09', 'Port Merrittside', 'Malta', 24, '2012-12-30 17:23:05', '2012-11-01 15:50:13');
INSERT INTO `profiles` (`user_id`, `gender`, `birthday`, `city`, `country`, `photo_id`, `create_at`, `updated_at`) VALUES (8, 'm', '2005-11-08', 'South Jaylonchester', 'Gambia', 58, '2018-11-10 06:11:19', '2018-07-20 05:18:30');
INSERT INTO `profiles` (`user_id`, `gender`, `birthday`, `city`, `country`, `photo_id`, `create_at`, `updated_at`) VALUES (9, 'f', '2014-12-14', 'East Baronberg', 'Cyprus', 49, '2018-11-07 13:15:22', '2015-07-20 07:21:56');
INSERT INTO `profiles` (`user_id`, `gender`, `birthday`, `city`, `country`, `photo_id`, `create_at`, `updated_at`) VALUES (10, 'f', '1996-11-07', 'New Lincolnland', 'Bhutan', 82, '2019-04-24 19:14:06', '2019-05-06 22:18:18');
INSERT INTO `profiles` (`user_id`, `gender`, `birthday`, `city`, `country`, `photo_id`, `create_at`, `updated_at`) VALUES (11, 'm', '1980-09-03', 'Traceview', 'Madagascar', 52, '2016-07-16 06:46:11', '2012-02-22 21:59:23');
INSERT INTO `profiles` (`user_id`, `gender`, `birthday`, `city`, `country`, `photo_id`, `create_at`, `updated_at`) VALUES (12, 'm', '2016-01-23', 'Kuhlmanchester', 'Mayotte', 1, '2017-11-06 15:55:54', '2018-04-15 23:47:14');
INSERT INTO `profiles` (`user_id`, `gender`, `birthday`, `city`, `country`, `photo_id`, `create_at`, `updated_at`) VALUES (13, 'm', '1990-04-10', 'Leschchester', 'Angola', 22, '2018-01-03 20:12:05', '2015-04-03 05:20:51');
INSERT INTO `profiles` (`user_id`, `gender`, `birthday`, `city`, `country`, `photo_id`, `create_at`, `updated_at`) VALUES (14, 'f', '1980-08-22', 'Novaburgh', 'Niue', 38, '2013-11-18 10:12:43', '2011-10-07 18:25:19');
INSERT INTO `profiles` (`user_id`, `gender`, `birthday`, `city`, `country`, `photo_id`, `create_at`, `updated_at`) VALUES (15, 'f', '1977-04-16', 'Gleasonton', 'Guyana', 70, '2012-12-14 02:35:54', '2017-10-16 22:42:32');
INSERT INTO `profiles` (`user_id`, `gender`, `birthday`, `city`, `country`, `photo_id`, `create_at`, `updated_at`) VALUES (16, 'f', '1977-04-02', 'Port Octaviahaven', 'Brunei Darussalam', 88, '2013-03-13 01:17:31', '2019-11-30 05:00:19');
INSERT INTO `profiles` (`user_id`, `gender`, `birthday`, `city`, `country`, `photo_id`, `create_at`, `updated_at`) VALUES (17, 'f', '1970-06-28', 'Rayland', 'Christmas Island', 3, '2011-05-17 05:18:50', '2011-04-02 23:46:38');
INSERT INTO `profiles` (`user_id`, `gender`, `birthday`, `city`, `country`, `photo_id`, `create_at`, `updated_at`) VALUES (18, 'm', '1991-02-18', 'West Cullen', 'Nauru', 45, '2015-10-31 00:24:01', '2012-10-19 22:32:46');
INSERT INTO `profiles` (`user_id`, `gender`, `birthday`, `city`, `country`, `photo_id`, `create_at`, `updated_at`) VALUES (19, 'f', '2008-11-01', 'Malindamouth', 'Sri Lanka', 54, '2015-05-27 15:45:20', '2012-07-09 02:52:07');
INSERT INTO `profiles` (`user_id`, `gender`, `birthday`, `city`, `country`, `photo_id`, `create_at`, `updated_at`) VALUES (20, 'm', '1984-07-15', 'Auerfurt', 'Chile', 75, '2012-04-20 06:32:55', '2015-05-08 07:20:32');
INSERT INTO `profiles` (`user_id`, `gender`, `birthday`, `city`, `country`, `photo_id`, `create_at`, `updated_at`) VALUES (21, 'f', '1975-06-23', 'Mosheview', 'Tonga', 60, '2017-06-04 04:48:12', '2016-10-27 18:38:48');
INSERT INTO `profiles` (`user_id`, `gender`, `birthday`, `city`, `country`, `photo_id`, `create_at`, `updated_at`) VALUES (22, 'f', '1999-01-13', 'New Kaley', 'Moldova', 82, '2011-01-29 06:05:02', '2019-04-19 17:50:27');
INSERT INTO `profiles` (`user_id`, `gender`, `birthday`, `city`, `country`, `photo_id`, `create_at`, `updated_at`) VALUES (23, 'f', '2002-03-19', 'Lake Raymond', 'Korea', 41, '2015-07-19 22:17:22', '2015-12-06 00:06:18');
INSERT INTO `profiles` (`user_id`, `gender`, `birthday`, `city`, `country`, `photo_id`, `create_at`, `updated_at`) VALUES (24, 'm', '1981-08-30', 'South Abigail', 'Bouvet Island (Bouve', 84, '2012-05-07 17:25:11', '2017-11-06 10:06:33');
INSERT INTO `profiles` (`user_id`, `gender`, `birthday`, `city`, `country`, `photo_id`, `create_at`, `updated_at`) VALUES (25, 'f', '1970-03-30', 'East Madalyn', 'Tunisia', 52, '2015-05-11 20:04:13', '2016-07-20 04:42:18');
INSERT INTO `profiles` (`user_id`, `gender`, `birthday`, `city`, `country`, `photo_id`, `create_at`, `updated_at`) VALUES (26, 'f', '2013-02-09', 'Lake Stephen', 'Indonesia', 26, '2019-01-27 15:36:51', '2011-07-11 06:22:07');
INSERT INTO `profiles` (`user_id`, `gender`, `birthday`, `city`, `country`, `photo_id`, `create_at`, `updated_at`) VALUES (27, 'm', '1985-11-20', 'Kihnview', 'Montserrat', 58, '2017-03-14 00:54:21', '2012-12-25 18:44:48');
INSERT INTO `profiles` (`user_id`, `gender`, `birthday`, `city`, `country`, `photo_id`, `create_at`, `updated_at`) VALUES (28, 'f', '2000-01-17', 'Garrisonberg', 'New Zealand', 79, '2011-06-17 11:35:07', '2013-04-19 04:56:47');
INSERT INTO `profiles` (`user_id`, `gender`, `birthday`, `city`, `country`, `photo_id`, `create_at`, `updated_at`) VALUES (29, 'm', '1988-01-21', 'Jakubowskiburgh', 'Seychelles', 45, '2019-04-07 02:48:07', '2017-12-01 11:55:21');
INSERT INTO `profiles` (`user_id`, `gender`, `birthday`, `city`, `country`, `photo_id`, `create_at`, `updated_at`) VALUES (30, 'm', '1996-02-12', 'Feestview', 'Ecuador', 69, '2014-03-24 10:00:40', '2015-08-06 08:24:51');
INSERT INTO `profiles` (`user_id`, `gender`, `birthday`, `city`, `country`, `photo_id`, `create_at`, `updated_at`) VALUES (31, 'm', '2019-04-20', 'Baileyland', 'Aruba', 18, '2013-07-17 19:00:12', '2011-01-24 09:55:38');
INSERT INTO `profiles` (`user_id`, `gender`, `birthday`, `city`, `country`, `photo_id`, `create_at`, `updated_at`) VALUES (32, 'm', '2000-09-07', 'Wehnerhaven', 'Saudi Arabia', 77, '2015-05-21 17:44:19', '2012-02-18 19:14:01');
INSERT INTO `profiles` (`user_id`, `gender`, `birthday`, `city`, `country`, `photo_id`, `create_at`, `updated_at`) VALUES (33, 'm', '2017-12-16', 'North Derick', 'Egypt', 96, '2010-07-27 04:59:08', '2010-05-16 00:41:02');
INSERT INTO `profiles` (`user_id`, `gender`, `birthday`, `city`, `country`, `photo_id`, `create_at`, `updated_at`) VALUES (34, 'f', '1979-09-04', 'West Wilfordstad', 'Australia', 28, '2017-06-15 03:12:43', '2016-06-06 06:28:40');
INSERT INTO `profiles` (`user_id`, `gender`, `birthday`, `city`, `country`, `photo_id`, `create_at`, `updated_at`) VALUES (35, 'f', '1982-03-16', 'Savanahview', 'Latvia', 58, '2011-03-04 12:40:08', '2012-09-18 05:01:20');
INSERT INTO `profiles` (`user_id`, `gender`, `birthday`, `city`, `country`, `photo_id`, `create_at`, `updated_at`) VALUES (36, 'm', '2019-03-28', 'Klinghaven', 'Philippines', 24, '2019-06-17 10:01:31', '2015-02-13 02:12:24');
INSERT INTO `profiles` (`user_id`, `gender`, `birthday`, `city`, `country`, `photo_id`, `create_at`, `updated_at`) VALUES (37, 'm', '2009-11-26', 'Lake Ciceroborough', 'Estonia', 27, '2019-01-02 00:42:22', '2013-05-24 20:09:42');
INSERT INTO `profiles` (`user_id`, `gender`, `birthday`, `city`, `country`, `photo_id`, `create_at`, `updated_at`) VALUES (38, 'm', '1991-10-16', 'West Jaunitahaven', 'Northern Mariana Isl', 39, '2012-01-12 00:14:00', '2014-08-29 11:27:40');
INSERT INTO `profiles` (`user_id`, `gender`, `birthday`, `city`, `country`, `photo_id`, `create_at`, `updated_at`) VALUES (39, 'm', '2011-10-14', 'Ebonyshire', 'Panama', 47, '2013-07-14 19:08:24', '2016-03-24 10:29:59');
INSERT INTO `profiles` (`user_id`, `gender`, `birthday`, `city`, `country`, `photo_id`, `create_at`, `updated_at`) VALUES (40, 'f', '1990-09-25', 'East Shyannberg', 'Bahrain', 59, '2011-06-26 02:57:50', '2013-05-16 22:15:53');
INSERT INTO `profiles` (`user_id`, `gender`, `birthday`, `city`, `country`, `photo_id`, `create_at`, `updated_at`) VALUES (41, 'f', '1982-09-20', 'Kipport', 'Netherlands', 76, '2018-04-26 03:03:40', '2018-09-30 06:27:54');
INSERT INTO `profiles` (`user_id`, `gender`, `birthday`, `city`, `country`, `photo_id`, `create_at`, `updated_at`) VALUES (42, 'm', '1993-09-21', 'Port Shanie', 'Heard Island and McD', 15, '2014-01-31 05:06:59', '2013-03-13 22:02:42');
INSERT INTO `profiles` (`user_id`, `gender`, `birthday`, `city`, `country`, `photo_id`, `create_at`, `updated_at`) VALUES (43, 'm', '1977-06-23', 'East Lula', 'Colombia', 80, '2016-09-27 07:10:47', '2013-03-25 08:04:17');
INSERT INTO `profiles` (`user_id`, `gender`, `birthday`, `city`, `country`, `photo_id`, `create_at`, `updated_at`) VALUES (44, 'f', '1971-09-04', 'Aubreemouth', 'Benin', 50, '2020-03-19 10:47:27', '2012-08-13 04:09:31');
INSERT INTO `profiles` (`user_id`, `gender`, `birthday`, `city`, `country`, `photo_id`, `create_at`, `updated_at`) VALUES (45, 'm', '2014-07-28', 'Trudiechester', 'Tajikistan', 39, '2014-02-21 19:32:20', '2015-05-25 17:02:44');
INSERT INTO `profiles` (`user_id`, `gender`, `birthday`, `city`, `country`, `photo_id`, `create_at`, `updated_at`) VALUES (46, 'm', '2006-09-22', 'Jaylinmouth', 'United States Virgin', 30, '2011-12-14 06:59:15', '2015-01-30 01:09:55');
INSERT INTO `profiles` (`user_id`, `gender`, `birthday`, `city`, `country`, `photo_id`, `create_at`, `updated_at`) VALUES (47, 'm', '1985-12-12', 'East Erichhaven', 'Samoa', 84, '2018-11-21 04:52:12', '2018-08-21 17:45:28');
INSERT INTO `profiles` (`user_id`, `gender`, `birthday`, `city`, `country`, `photo_id`, `create_at`, `updated_at`) VALUES (48, 'f', '1989-12-25', 'Port Justus', 'Senegal', 23, '2015-11-28 19:09:35', '2018-01-07 08:24:56');
INSERT INTO `profiles` (`user_id`, `gender`, `birthday`, `city`, `country`, `photo_id`, `create_at`, `updated_at`) VALUES (49, 'm', '2009-06-07', 'Tiffanyside', 'Cote d\'Ivoire', 82, '2014-09-26 15:07:18', '2013-03-28 13:20:33');
INSERT INTO `profiles` (`user_id`, `gender`, `birthday`, `city`, `country`, `photo_id`, `create_at`, `updated_at`) VALUES (50, 'f', '1992-02-08', 'Pourosborough', 'Tajikistan', 24, '2016-12-23 17:28:59', '2015-12-01 12:36:32');
INSERT INTO `profiles` (`user_id`, `gender`, `birthday`, `city`, `country`, `photo_id`, `create_at`, `updated_at`) VALUES (51, 'm', '2010-06-13', 'Michelleburgh', 'Croatia', 20, '2018-05-30 09:11:31', '2012-12-16 18:07:49');
INSERT INTO `profiles` (`user_id`, `gender`, `birthday`, `city`, `country`, `photo_id`, `create_at`, `updated_at`) VALUES (52, 'f', '1995-06-05', 'New Edberg', 'Bahrain', 70, '2010-11-02 16:43:32', '2019-09-07 12:32:06');
INSERT INTO `profiles` (`user_id`, `gender`, `birthday`, `city`, `country`, `photo_id`, `create_at`, `updated_at`) VALUES (53, 'm', '2018-05-12', 'Swaniawskimouth', 'Ireland', 41, '2014-07-17 19:54:02', '2012-03-14 19:12:42');
INSERT INTO `profiles` (`user_id`, `gender`, `birthday`, `city`, `country`, `photo_id`, `create_at`, `updated_at`) VALUES (54, 'f', '2013-07-19', 'Lake Summerburgh', 'Benin', 93, '2011-02-28 21:26:38', '2013-06-13 18:23:39');
INSERT INTO `profiles` (`user_id`, `gender`, `birthday`, `city`, `country`, `photo_id`, `create_at`, `updated_at`) VALUES (55, 'f', '1994-02-08', 'Gorczanyfort', 'Reunion', 18, '2013-10-20 14:53:58', '2018-10-31 22:44:00');
INSERT INTO `profiles` (`user_id`, `gender`, `birthday`, `city`, `country`, `photo_id`, `create_at`, `updated_at`) VALUES (56, 'f', '2019-12-13', 'Blockbury', 'Cayman Islands', 23, '2013-10-21 13:45:12', '2013-08-02 05:40:55');
INSERT INTO `profiles` (`user_id`, `gender`, `birthday`, `city`, `country`, `photo_id`, `create_at`, `updated_at`) VALUES (57, 'm', '1975-06-17', 'East Garland', 'Tunisia', 56, '2017-10-10 07:55:16', '2016-04-02 12:02:21');
INSERT INTO `profiles` (`user_id`, `gender`, `birthday`, `city`, `country`, `photo_id`, `create_at`, `updated_at`) VALUES (58, 'f', '1989-03-14', 'Melodyland', 'Qatar', 40, '2012-07-22 19:05:43', '2018-08-21 19:31:21');
INSERT INTO `profiles` (`user_id`, `gender`, `birthday`, `city`, `country`, `photo_id`, `create_at`, `updated_at`) VALUES (59, 'm', '1988-09-18', 'Kozeyshire', 'British Virgin Islan', 94, '2019-12-28 17:38:23', '2018-02-07 18:35:59');
INSERT INTO `profiles` (`user_id`, `gender`, `birthday`, `city`, `country`, `photo_id`, `create_at`, `updated_at`) VALUES (60, 'f', '2006-05-03', 'Townemouth', 'Morocco', 68, '2015-03-12 14:00:09', '2012-10-14 05:24:51');
INSERT INTO `profiles` (`user_id`, `gender`, `birthday`, `city`, `country`, `photo_id`, `create_at`, `updated_at`) VALUES (61, 'm', '1977-05-26', 'Port Wandachester', 'Eritrea', 5, '2015-09-23 01:58:32', '2012-01-31 20:18:08');
INSERT INTO `profiles` (`user_id`, `gender`, `birthday`, `city`, `country`, `photo_id`, `create_at`, `updated_at`) VALUES (62, 'm', '1973-12-05', 'Port Eli', 'Grenada', 18, '2014-07-30 23:18:07', '2015-12-21 08:32:09');
INSERT INTO `profiles` (`user_id`, `gender`, `birthday`, `city`, `country`, `photo_id`, `create_at`, `updated_at`) VALUES (63, 'f', '2015-05-15', 'Clintville', 'Pakistan', 44, '2018-04-09 22:06:53', '2014-05-31 18:22:28');
INSERT INTO `profiles` (`user_id`, `gender`, `birthday`, `city`, `country`, `photo_id`, `create_at`, `updated_at`) VALUES (64, 'f', '1978-05-06', 'Madelinemouth', 'Pakistan', 62, '2012-04-19 21:57:21', '2018-09-06 13:31:35');
INSERT INTO `profiles` (`user_id`, `gender`, `birthday`, `city`, `country`, `photo_id`, `create_at`, `updated_at`) VALUES (65, 'f', '2005-03-28', 'Carolynebury', 'Zimbabwe', 39, '2014-12-24 22:25:50', '2013-12-21 21:23:46');
INSERT INTO `profiles` (`user_id`, `gender`, `birthday`, `city`, `country`, `photo_id`, `create_at`, `updated_at`) VALUES (66, 'f', '1993-10-11', 'West Finn', 'Timor-Leste', 62, '2011-07-05 21:21:40', '2018-10-03 21:19:29');
INSERT INTO `profiles` (`user_id`, `gender`, `birthday`, `city`, `country`, `photo_id`, `create_at`, `updated_at`) VALUES (67, 'm', '1992-03-15', 'Kuphalmouth', 'Monaco', 75, '2017-01-19 07:58:53', '2013-01-14 20:09:02');
INSERT INTO `profiles` (`user_id`, `gender`, `birthday`, `city`, `country`, `photo_id`, `create_at`, `updated_at`) VALUES (68, 'm', '2016-10-18', 'Emiliamouth', 'Mayotte', 88, '2019-03-01 10:43:58', '2012-08-10 23:22:19');
INSERT INTO `profiles` (`user_id`, `gender`, `birthday`, `city`, `country`, `photo_id`, `create_at`, `updated_at`) VALUES (69, 'm', '1999-07-03', 'Port Petefurt', 'Comoros', 50, '2017-03-17 04:17:12', '2014-03-22 21:58:41');
INSERT INTO `profiles` (`user_id`, `gender`, `birthday`, `city`, `country`, `photo_id`, `create_at`, `updated_at`) VALUES (70, 'm', '2005-09-01', 'North Reymundo', 'British Indian Ocean', 58, '2019-12-10 04:21:16', '2017-09-09 18:57:32');
INSERT INTO `profiles` (`user_id`, `gender`, `birthday`, `city`, `country`, `photo_id`, `create_at`, `updated_at`) VALUES (71, 'm', '2013-01-17', 'Lake Paxton', 'United Arab Emirates', 56, '2010-07-07 16:45:14', '2015-01-28 21:08:09');
INSERT INTO `profiles` (`user_id`, `gender`, `birthday`, `city`, `country`, `photo_id`, `create_at`, `updated_at`) VALUES (72, 'f', '2011-12-19', 'Lake Aaron', 'Heard Island and McD', 7, '2011-11-13 15:17:59', '2013-11-25 06:54:11');
INSERT INTO `profiles` (`user_id`, `gender`, `birthday`, `city`, `country`, `photo_id`, `create_at`, `updated_at`) VALUES (73, 'f', '2008-10-25', 'East Ricardochester', 'Malawi', 62, '2013-10-25 02:39:02', '2019-05-29 06:01:57');
INSERT INTO `profiles` (`user_id`, `gender`, `birthday`, `city`, `country`, `photo_id`, `create_at`, `updated_at`) VALUES (74, 'f', '1990-03-11', 'Claudstad', 'Argentina', 50, '2012-08-03 14:29:56', '2015-09-06 15:51:34');
INSERT INTO `profiles` (`user_id`, `gender`, `birthday`, `city`, `country`, `photo_id`, `create_at`, `updated_at`) VALUES (75, 'm', '1977-03-14', 'West Elvera', 'Solomon Islands', 86, '2013-08-22 03:06:19', '2012-10-22 12:37:48');
INSERT INTO `profiles` (`user_id`, `gender`, `birthday`, `city`, `country`, `photo_id`, `create_at`, `updated_at`) VALUES (76, 'm', '1971-01-31', 'West Lilyan', 'British Indian Ocean', 64, '2017-07-08 19:50:20', '2011-10-23 03:06:51');
INSERT INTO `profiles` (`user_id`, `gender`, `birthday`, `city`, `country`, `photo_id`, `create_at`, `updated_at`) VALUES (77, 'm', '1987-05-25', 'Leonelville', 'Saint Barthelemy', 21, '2016-04-02 16:30:30', '2013-06-15 09:33:37');
INSERT INTO `profiles` (`user_id`, `gender`, `birthday`, `city`, `country`, `photo_id`, `create_at`, `updated_at`) VALUES (78, 'm', '2016-03-27', 'South Kim', 'Nauru', 8, '2014-02-21 20:29:41', '2019-07-23 11:18:12');
INSERT INTO `profiles` (`user_id`, `gender`, `birthday`, `city`, `country`, `photo_id`, `create_at`, `updated_at`) VALUES (79, 'f', '2000-12-06', 'South Leratown', 'Kazakhstan', 72, '2019-11-02 16:32:10', '2014-04-04 21:25:44');
INSERT INTO `profiles` (`user_id`, `gender`, `birthday`, `city`, `country`, `photo_id`, `create_at`, `updated_at`) VALUES (80, 'm', '1987-12-19', 'Legrosshire', 'Singapore', 6, '2019-05-30 15:09:37', '2014-10-17 15:00:55');
INSERT INTO `profiles` (`user_id`, `gender`, `birthday`, `city`, `country`, `photo_id`, `create_at`, `updated_at`) VALUES (81, 'm', '2019-07-01', 'Harveyhaven', 'Cambodia', 43, '2010-12-10 21:51:28', '2018-02-16 16:45:59');
INSERT INTO `profiles` (`user_id`, `gender`, `birthday`, `city`, `country`, `photo_id`, `create_at`, `updated_at`) VALUES (82, 'm', '2018-01-20', 'North Cole', 'Germany', 75, '2016-11-15 17:13:27', '2017-10-19 05:25:34');
INSERT INTO `profiles` (`user_id`, `gender`, `birthday`, `city`, `country`, `photo_id`, `create_at`, `updated_at`) VALUES (83, 'm', '2001-10-20', 'East Eusebiofort', 'Martinique', 31, '2016-04-30 18:45:17', '2017-07-10 18:06:44');
INSERT INTO `profiles` (`user_id`, `gender`, `birthday`, `city`, `country`, `photo_id`, `create_at`, `updated_at`) VALUES (84, 'm', '1986-02-08', 'Port Jaycee', 'Bolivia', 25, '2014-02-05 00:36:04', '2018-07-07 21:00:38');
INSERT INTO `profiles` (`user_id`, `gender`, `birthday`, `city`, `country`, `photo_id`, `create_at`, `updated_at`) VALUES (85, 'm', '1977-04-19', 'Torphyshire', 'Kazakhstan', 67, '2016-08-15 02:15:30', '2018-11-16 12:58:14');
INSERT INTO `profiles` (`user_id`, `gender`, `birthday`, `city`, `country`, `photo_id`, `create_at`, `updated_at`) VALUES (86, 'm', '1994-07-06', 'North Hillard', 'Ethiopia', 14, '2011-09-09 02:43:33', '2018-12-11 04:05:30');
INSERT INTO `profiles` (`user_id`, `gender`, `birthday`, `city`, `country`, `photo_id`, `create_at`, `updated_at`) VALUES (87, 'f', '1970-01-17', 'West Kiarra', 'Cook Islands', 7, '2011-02-17 16:42:47', '2010-08-06 05:40:53');
INSERT INTO `profiles` (`user_id`, `gender`, `birthday`, `city`, `country`, `photo_id`, `create_at`, `updated_at`) VALUES (88, 'm', '1982-08-19', 'New Marietta', 'France', 15, '2015-09-16 07:13:11', '2018-01-31 00:08:02');
INSERT INTO `profiles` (`user_id`, `gender`, `birthday`, `city`, `country`, `photo_id`, `create_at`, `updated_at`) VALUES (89, 'm', '2006-12-19', 'South Asa', 'Malawi', 89, '2012-03-29 13:42:47', '2017-09-03 21:14:47');
INSERT INTO `profiles` (`user_id`, `gender`, `birthday`, `city`, `country`, `photo_id`, `create_at`, `updated_at`) VALUES (90, 'f', '2015-11-03', 'South Savanah', 'Mexico', 38, '2011-06-29 04:29:01', '2014-06-03 01:49:22');
INSERT INTO `profiles` (`user_id`, `gender`, `birthday`, `city`, `country`, `photo_id`, `create_at`, `updated_at`) VALUES (91, 'f', '1993-06-12', 'West Miles', 'Christmas Island', 87, '2011-04-01 01:01:53', '2010-07-25 23:45:40');
INSERT INTO `profiles` (`user_id`, `gender`, `birthday`, `city`, `country`, `photo_id`, `create_at`, `updated_at`) VALUES (92, 'm', '1976-06-24', 'Antoinettestad', 'Jamaica', 20, '2019-03-10 13:02:46', '2010-10-28 15:27:05');
INSERT INTO `profiles` (`user_id`, `gender`, `birthday`, `city`, `country`, `photo_id`, `create_at`, `updated_at`) VALUES (93, 'f', '1971-07-04', 'Sandraberg', 'Bahrain', 35, '2013-04-07 16:44:48', '2014-01-22 20:49:19');
INSERT INTO `profiles` (`user_id`, `gender`, `birthday`, `city`, `country`, `photo_id`, `create_at`, `updated_at`) VALUES (94, 'f', '1996-12-29', 'Greenfurt', 'Zimbabwe', 58, '2012-06-04 01:30:54', '2011-01-25 14:25:26');
INSERT INTO `profiles` (`user_id`, `gender`, `birthday`, `city`, `country`, `photo_id`, `create_at`, `updated_at`) VALUES (95, 'm', '2018-12-20', 'South Kennedytown', 'Antigua and Barbuda', 100, '2013-04-12 05:50:42', '2015-04-14 13:10:57');
INSERT INTO `profiles` (`user_id`, `gender`, `birthday`, `city`, `country`, `photo_id`, `create_at`, `updated_at`) VALUES (96, 'm', '1983-06-22', 'North Celestine', 'Guinea', 95, '2010-09-26 17:25:08', '2011-06-16 19:07:42');
INSERT INTO `profiles` (`user_id`, `gender`, `birthday`, `city`, `country`, `photo_id`, `create_at`, `updated_at`) VALUES (97, 'm', '1992-04-23', 'Quitzonborough', 'Cambodia', 44, '2013-01-17 00:57:23', '2013-12-27 14:22:51');
INSERT INTO `profiles` (`user_id`, `gender`, `birthday`, `city`, `country`, `photo_id`, `create_at`, `updated_at`) VALUES (98, 'f', '1987-07-31', 'Jarrodmouth', 'Brazil', 69, '2015-10-03 15:47:03', '2011-09-15 04:28:02');
INSERT INTO `profiles` (`user_id`, `gender`, `birthday`, `city`, `country`, `photo_id`, `create_at`, `updated_at`) VALUES (99, 'f', '1984-12-26', 'Mackenzietown', 'Algeria', 2, '2017-09-18 17:49:49', '2013-03-23 00:40:32');
INSERT INTO `profiles` (`user_id`, `gender`, `birthday`, `city`, `country`, `photo_id`, `create_at`, `updated_at`) VALUES (100, 'f', '1984-10-29', 'Beulahton', 'Lesotho', 31, '2020-03-26 06:31:03', '2010-08-10 23:30:44');


#
# TABLE STRUCTURE FOR: users
#

DROP TABLE IF EXISTS `users`;

CREATE TABLE `users` (
  `id` int(10) unsigned NOT NULL AUTO_INCREMENT,
  `first_name` varchar(50) COLLATE utf8_unicode_ci NOT NULL,
  `last_name` varchar(50) COLLATE utf8_unicode_ci NOT NULL,
  `email` varchar(100) COLLATE utf8_unicode_ci NOT NULL,
  `phone` varchar(10) COLLATE utf8_unicode_ci NOT NULL,
  `create_at` datetime DEFAULT current_timestamp(),
  `updated_at` datetime DEFAULT current_timestamp() ON UPDATE current_timestamp(),
  PRIMARY KEY (`id`),
  UNIQUE KEY `email` (`email`),
  UNIQUE KEY `phone` (`phone`)
) ENGINE=InnoDB AUTO_INCREMENT=101 DEFAULT CHARSET=utf8 COLLATE=utf8_unicode_ci;

INSERT INTO `users` (`id`, `first_name`, `last_name`, `email`, `phone`, `create_at`, `updated_at`) VALUES (1, 'Frederique', 'Anderson', 'lucienne.murray@example.org', '755.725.99', '2020-03-03 07:02:00', '2016-01-17 01:01:05');
INSERT INTO `users` (`id`, `first_name`, `last_name`, `email`, `phone`, `create_at`, `updated_at`) VALUES (2, 'Jeramy', 'Keeling', 'ymayert@example.net', '149.704.88', '2011-03-23 15:02:12', '2012-02-10 06:06:42');
INSERT INTO `users` (`id`, `first_name`, `last_name`, `email`, `phone`, `create_at`, `updated_at`) VALUES (3, 'Elouise', 'Price', 'boehm.kaya@example.com', '(760)761-1', '2016-02-02 00:35:19', '2018-09-17 01:04:02');
INSERT INTO `users` (`id`, `first_name`, `last_name`, `email`, `phone`, `create_at`, `updated_at`) VALUES (4, 'Jena', 'Hettinger', 'khermiston@example.org', '(664)646-1', '2017-03-25 13:49:55', '2011-05-25 06:57:37');
INSERT INTO `users` (`id`, `first_name`, `last_name`, `email`, `phone`, `create_at`, `updated_at`) VALUES (5, 'Glenna', 'Quitzon', 'skris@example.com', '709.231.15', '2011-01-17 01:15:26', '2017-05-15 11:43:56');
INSERT INTO `users` (`id`, `first_name`, `last_name`, `email`, `phone`, `create_at`, `updated_at`) VALUES (6, 'Darrick', 'Torp', 'heaven68@example.com', '1-185-500-', '2014-06-26 17:02:47', '2017-06-07 23:37:51');
INSERT INTO `users` (`id`, `first_name`, `last_name`, `email`, `phone`, `create_at`, `updated_at`) VALUES (7, 'Alex', 'Schmeler', 'stoltenberg.humberto@example.org', '+15(3)0161', '2010-11-18 13:41:38', '2016-04-02 09:53:11');
INSERT INTO `users` (`id`, `first_name`, `last_name`, `email`, `phone`, `create_at`, `updated_at`) VALUES (8, 'Dayana', 'Muller', 'jaden07@example.net', '611.184.23', '2019-09-22 10:06:09', '2016-10-22 16:14:01');
INSERT INTO `users` (`id`, `first_name`, `last_name`, `email`, `phone`, `create_at`, `updated_at`) VALUES (9, 'Ernestina', 'Collins', 'wuckert.olen@example.net', '(672)643-1', '2015-09-08 18:01:06', '2013-05-05 23:35:49');
INSERT INTO `users` (`id`, `first_name`, `last_name`, `email`, `phone`, `create_at`, `updated_at`) VALUES (10, 'Victor', 'Hermann', 'rvon@example.org', '+91(5)8848', '2016-05-24 11:42:05', '2016-03-17 08:36:01');
INSERT INTO `users` (`id`, `first_name`, `last_name`, `email`, `phone`, `create_at`, `updated_at`) VALUES (11, 'Albertha', 'Mayert', 'keagan.west@example.com', '618-948-89', '2017-11-23 02:00:11', '2012-04-20 16:42:48');
INSERT INTO `users` (`id`, `first_name`, `last_name`, `email`, `phone`, `create_at`, `updated_at`) VALUES (12, 'Sarai', 'Schoen', 'gmedhurst@example.org', '0887783544', '2012-11-18 09:15:33', '2017-05-16 09:18:54');
INSERT INTO `users` (`id`, `first_name`, `last_name`, `email`, `phone`, `create_at`, `updated_at`) VALUES (13, 'Electa', 'Runolfsson', 'reginald36@example.net', '210-792-77', '2012-11-19 17:06:43', '2018-12-16 02:00:33');
INSERT INTO `users` (`id`, `first_name`, `last_name`, `email`, `phone`, `create_at`, `updated_at`) VALUES (14, 'Gregg', 'Kub', 'werner77@example.net', '825-826-82', '2019-12-30 14:37:38', '2018-07-22 12:12:49');
INSERT INTO `users` (`id`, `first_name`, `last_name`, `email`, `phone`, `create_at`, `updated_at`) VALUES (15, 'Elyse', 'Bins', 'sipes.delbert@example.com', '309.739.44', '2011-01-22 04:05:18', '2012-07-07 08:41:30');
INSERT INTO `users` (`id`, `first_name`, `last_name`, `email`, `phone`, `create_at`, `updated_at`) VALUES (16, 'Ezra', 'Runolfsson', 'jroberts@example.com', '0986067371', '2018-06-06 02:55:34', '2010-04-11 23:29:53');
INSERT INTO `users` (`id`, `first_name`, `last_name`, `email`, `phone`, `create_at`, `updated_at`) VALUES (17, 'Dorian', 'Williamson', 'pratke@example.net', '1-364-659-', '2016-06-10 07:39:43', '2017-10-25 05:28:36');
INSERT INTO `users` (`id`, `first_name`, `last_name`, `email`, `phone`, `create_at`, `updated_at`) VALUES (18, 'Sylvia', 'Sipes', 'koepp.cathy@example.org', '313.610.18', '2013-02-23 08:51:37', '2018-10-31 12:28:50');
INSERT INTO `users` (`id`, `first_name`, `last_name`, `email`, `phone`, `create_at`, `updated_at`) VALUES (19, 'Lewis', 'Kuhn', 'keeling.chaim@example.net', '(432)276-4', '2018-04-19 16:35:01', '2015-07-11 04:43:58');
INSERT INTO `users` (`id`, `first_name`, `last_name`, `email`, `phone`, `create_at`, `updated_at`) VALUES (20, 'Dashawn', 'Howe', 'vjacobson@example.net', '976-111-02', '2015-04-05 09:53:48', '2013-04-06 18:29:58');
INSERT INTO `users` (`id`, `first_name`, `last_name`, `email`, `phone`, `create_at`, `updated_at`) VALUES (21, 'Mattie', 'Shields', 'swaniawski.otilia@example.org', '(802)329-0', '2015-07-29 14:18:09', '2012-12-17 16:20:03');
INSERT INTO `users` (`id`, `first_name`, `last_name`, `email`, `phone`, `create_at`, `updated_at`) VALUES (22, 'Alexandra', 'Nienow', 'taryn16@example.com', '(868)546-6', '2018-10-25 21:41:37', '2018-08-06 16:24:57');
INSERT INTO `users` (`id`, `first_name`, `last_name`, `email`, `phone`, `create_at`, `updated_at`) VALUES (23, 'Wilburn', 'Gaylord', 'braun.annamarie@example.net', '(184)653-8', '2014-01-12 07:42:47', '2016-08-24 18:42:46');
INSERT INTO `users` (`id`, `first_name`, `last_name`, `email`, `phone`, `create_at`, `updated_at`) VALUES (24, 'Marcelle', 'Reilly', 'kristin.kunde@example.com', '(363)324-7', '2013-12-14 03:32:44', '2019-03-27 23:41:18');
INSERT INTO `users` (`id`, `first_name`, `last_name`, `email`, `phone`, `create_at`, `updated_at`) VALUES (25, 'Maryse', 'Keebler', 'xbogisich@example.com', '857-101-49', '2016-12-16 19:47:58', '2016-02-11 19:23:57');
INSERT INTO `users` (`id`, `first_name`, `last_name`, `email`, `phone`, `create_at`, `updated_at`) VALUES (26, 'Christ', 'Schumm', 'wiegand.ruthe@example.com', '(099)026-1', '2017-07-06 19:32:20', '2012-05-20 02:10:22');
INSERT INTO `users` (`id`, `first_name`, `last_name`, `email`, `phone`, `create_at`, `updated_at`) VALUES (27, 'Elza', 'Blick', 'qklocko@example.com', '945-684-47', '2010-05-06 09:54:00', '2014-06-14 21:38:56');
INSERT INTO `users` (`id`, `first_name`, `last_name`, `email`, `phone`, `create_at`, `updated_at`) VALUES (28, 'Orie', 'Christiansen', 'april.nader@example.org', '(725)451-4', '2012-10-18 01:45:55', '2013-10-04 05:52:27');
INSERT INTO `users` (`id`, `first_name`, `last_name`, `email`, `phone`, `create_at`, `updated_at`) VALUES (29, 'Marcel', 'Moen', 'retha.stokes@example.com', '364.329.53', '2016-04-15 18:03:25', '2015-04-12 22:23:27');
INSERT INTO `users` (`id`, `first_name`, `last_name`, `email`, `phone`, `create_at`, `updated_at`) VALUES (30, 'Dale', 'McKenzie', 'kenton.legros@example.com', '312-737-07', '2019-10-28 21:26:08', '2018-04-02 20:47:50');
INSERT INTO `users` (`id`, `first_name`, `last_name`, `email`, `phone`, `create_at`, `updated_at`) VALUES (31, 'Tanya', 'Nolan', 'brionna22@example.org', '(469)822-9', '2015-05-30 10:22:12', '2013-04-18 00:57:25');
INSERT INTO `users` (`id`, `first_name`, `last_name`, `email`, `phone`, `create_at`, `updated_at`) VALUES (32, 'Guy', 'Daniel', 'bennett41@example.net', '183-680-92', '2019-07-04 12:24:04', '2012-01-05 13:52:27');
INSERT INTO `users` (`id`, `first_name`, `last_name`, `email`, `phone`, `create_at`, `updated_at`) VALUES (33, 'Anjali', 'Hammes', 'zorn@example.net', '1-354-831-', '2019-07-17 05:04:28', '2017-09-21 02:01:54');
INSERT INTO `users` (`id`, `first_name`, `last_name`, `email`, `phone`, `create_at`, `updated_at`) VALUES (34, 'Terrence', 'Schroeder', 'vada32@example.net', '1-201-810-', '2018-03-16 03:34:15', '2012-01-14 08:02:28');
INSERT INTO `users` (`id`, `first_name`, `last_name`, `email`, `phone`, `create_at`, `updated_at`) VALUES (35, 'Meghan', 'Gottlieb', 'mollie.wilkinson@example.net', '1-405-125-', '2014-12-04 08:46:49', '2014-06-05 20:17:56');
INSERT INTO `users` (`id`, `first_name`, `last_name`, `email`, `phone`, `create_at`, `updated_at`) VALUES (36, 'Verlie', 'Mraz', 'selena53@example.net', '(639)502-2', '2018-06-22 18:08:01', '2010-05-27 05:46:30');
INSERT INTO `users` (`id`, `first_name`, `last_name`, `email`, `phone`, `create_at`, `updated_at`) VALUES (37, 'Frida', 'Lesch', 'lorenza64@example.net', '921.689.94', '2018-01-16 06:20:52', '2010-08-12 09:16:51');
INSERT INTO `users` (`id`, `first_name`, `last_name`, `email`, `phone`, `create_at`, `updated_at`) VALUES (38, 'Hyman', 'Feeney', 'gottlieb.edd@example.net', '267.486.43', '2016-05-10 07:34:33', '2013-01-20 09:24:46');
INSERT INTO `users` (`id`, `first_name`, `last_name`, `email`, `phone`, `create_at`, `updated_at`) VALUES (39, 'Payton', 'Von', 'adan.aufderhar@example.net', '+05(0)9532', '2019-06-09 22:57:03', '2015-09-26 02:11:00');
INSERT INTO `users` (`id`, `first_name`, `last_name`, `email`, `phone`, `create_at`, `updated_at`) VALUES (40, 'Kelsi', 'Carroll', 'zbartell@example.net', '1-020-682-', '2010-10-10 12:19:55', '2012-07-07 17:21:40');
INSERT INTO `users` (`id`, `first_name`, `last_name`, `email`, `phone`, `create_at`, `updated_at`) VALUES (41, 'Kim', 'Buckridge', 'rgutkowski@example.org', '1-630-763-', '2017-06-06 19:33:36', '2014-01-30 14:36:28');
INSERT INTO `users` (`id`, `first_name`, `last_name`, `email`, `phone`, `create_at`, `updated_at`) VALUES (42, 'Laurel', 'Pacocha', 'estevan.pfeffer@example.com', '(529)220-1', '2018-01-23 17:13:48', '2010-12-01 13:05:39');
INSERT INTO `users` (`id`, `first_name`, `last_name`, `email`, `phone`, `create_at`, `updated_at`) VALUES (43, 'Dortha', 'Harris', 'ignacio94@example.org', '676.156.97', '2016-04-01 19:02:07', '2011-05-14 11:13:51');
INSERT INTO `users` (`id`, `first_name`, `last_name`, `email`, `phone`, `create_at`, `updated_at`) VALUES (44, 'Ashleigh', 'Dietrich', 'jennifer.stoltenberg@example.net', '285-389-37', '2011-08-18 10:43:26', '2016-12-24 03:34:32');
INSERT INTO `users` (`id`, `first_name`, `last_name`, `email`, `phone`, `create_at`, `updated_at`) VALUES (45, 'Katarina', 'Hane', 'schuppe.casimer@example.com', '806.388.71', '2018-10-29 01:36:19', '2017-04-21 19:22:37');
INSERT INTO `users` (`id`, `first_name`, `last_name`, `email`, `phone`, `create_at`, `updated_at`) VALUES (46, 'Nella', 'Goyette', 'murphy06@example.com', '324-103-02', '2016-04-13 15:04:35', '2019-06-19 20:50:58');
INSERT INTO `users` (`id`, `first_name`, `last_name`, `email`, `phone`, `create_at`, `updated_at`) VALUES (47, 'Winston', 'Marvin', 'letha.kling@example.net', '1-831-420-', '2012-12-08 23:40:15', '2012-12-17 17:29:24');
INSERT INTO `users` (`id`, `first_name`, `last_name`, `email`, `phone`, `create_at`, `updated_at`) VALUES (48, 'Marielle', 'Hagenes', 'altenwerth.cydney@example.com', '(786)512-3', '2010-06-16 15:18:47', '2012-10-21 19:48:29');
INSERT INTO `users` (`id`, `first_name`, `last_name`, `email`, `phone`, `create_at`, `updated_at`) VALUES (49, 'Theodora', 'Reichert', 'ethelyn46@example.com', '1-179-652-', '2018-01-29 17:15:12', '2018-05-13 19:51:58');
INSERT INTO `users` (`id`, `first_name`, `last_name`, `email`, `phone`, `create_at`, `updated_at`) VALUES (50, 'Carlos', 'Wisozk', 'rosalinda00@example.net', '839-288-27', '2012-04-15 04:19:05', '2012-03-29 00:39:38');
INSERT INTO `users` (`id`, `first_name`, `last_name`, `email`, `phone`, `create_at`, `updated_at`) VALUES (51, 'Jessy', 'Kiehn', 'jasmin.jast@example.net', '924-774-09', '2013-10-05 02:34:46', '2015-02-12 11:01:50');
INSERT INTO `users` (`id`, `first_name`, `last_name`, `email`, `phone`, `create_at`, `updated_at`) VALUES (52, 'Bryce', 'Braun', 'zjacobson@example.com', '315.732.98', '2011-07-05 19:56:06', '2014-01-28 22:55:47');
INSERT INTO `users` (`id`, `first_name`, `last_name`, `email`, `phone`, `create_at`, `updated_at`) VALUES (53, 'Theresia', 'O\'Connell', 'breanna62@example.net', '1-591-326-', '2010-08-20 06:02:55', '2017-05-25 18:19:38');
INSERT INTO `users` (`id`, `first_name`, `last_name`, `email`, `phone`, `create_at`, `updated_at`) VALUES (54, 'Roy', 'Klein', 'vgusikowski@example.net', '1-312-201-', '2013-02-07 10:20:42', '2012-09-09 00:18:44');
INSERT INTO `users` (`id`, `first_name`, `last_name`, `email`, `phone`, `create_at`, `updated_at`) VALUES (55, 'Mellie', 'Schroeder', 'yhegmann@example.net', '0118232348', '2017-09-03 15:29:01', '2014-05-11 06:37:14');
INSERT INTO `users` (`id`, `first_name`, `last_name`, `email`, `phone`, `create_at`, `updated_at`) VALUES (56, 'Rogers', 'Ryan', 'davis.arthur@example.com', '712.101.40', '2018-03-27 11:59:54', '2013-11-25 02:51:50');
INSERT INTO `users` (`id`, `first_name`, `last_name`, `email`, `phone`, `create_at`, `updated_at`) VALUES (57, 'Jayden', 'Davis', 'alexane27@example.org', '233.150.75', '2017-01-29 01:53:56', '2018-03-21 05:40:59');
INSERT INTO `users` (`id`, `first_name`, `last_name`, `email`, `phone`, `create_at`, `updated_at`) VALUES (58, 'Cheyenne', 'Ratke', 'lucile07@example.org', '569.724.55', '2010-06-25 17:44:48', '2014-12-22 08:10:59');
INSERT INTO `users` (`id`, `first_name`, `last_name`, `email`, `phone`, `create_at`, `updated_at`) VALUES (59, 'Edyth', 'Reynolds', 'theodore25@example.org', '(231)241-2', '2011-04-24 15:05:16', '2010-11-09 06:25:55');
INSERT INTO `users` (`id`, `first_name`, `last_name`, `email`, `phone`, `create_at`, `updated_at`) VALUES (60, 'Kristina', 'Hand', 'santiago.okuneva@example.net', '245-854-12', '2020-03-03 22:28:12', '2010-08-23 08:06:49');
INSERT INTO `users` (`id`, `first_name`, `last_name`, `email`, `phone`, `create_at`, `updated_at`) VALUES (61, 'Alvera', 'Koelpin', 'schuster.joan@example.org', '0974672655', '2016-05-27 22:56:39', '2017-05-09 02:54:15');
INSERT INTO `users` (`id`, `first_name`, `last_name`, `email`, `phone`, `create_at`, `updated_at`) VALUES (62, 'Keeley', 'Kreiger', 'kuhic.darby@example.net', '+47(6)6401', '2013-04-12 20:33:30', '2017-09-14 11:45:50');
INSERT INTO `users` (`id`, `first_name`, `last_name`, `email`, `phone`, `create_at`, `updated_at`) VALUES (63, 'Felipa', 'Jast', 'rod44@example.com', '405-682-38', '2018-02-02 15:41:43', '2012-03-11 18:57:02');
INSERT INTO `users` (`id`, `first_name`, `last_name`, `email`, `phone`, `create_at`, `updated_at`) VALUES (64, 'Gregorio', 'Kutch', 'uryan@example.net', '(467)351-5', '2012-02-01 09:06:34', '2014-07-28 04:25:48');
INSERT INTO `users` (`id`, `first_name`, `last_name`, `email`, `phone`, `create_at`, `updated_at`) VALUES (65, 'Garth', 'Keebler', 'bogan.jacky@example.org', '(006)286-5', '2014-01-25 01:46:18', '2016-12-29 01:49:42');
INSERT INTO `users` (`id`, `first_name`, `last_name`, `email`, `phone`, `create_at`, `updated_at`) VALUES (66, 'Heaven', 'Durgan', 'reinger.allen@example.org', '689.087.90', '2012-05-08 02:22:16', '2016-04-28 23:04:34');
INSERT INTO `users` (`id`, `first_name`, `last_name`, `email`, `phone`, `create_at`, `updated_at`) VALUES (67, 'Julia', 'Stroman', 'qdeckow@example.net', '0633827306', '2018-03-01 10:17:50', '2013-08-31 09:03:44');
INSERT INTO `users` (`id`, `first_name`, `last_name`, `email`, `phone`, `create_at`, `updated_at`) VALUES (68, 'Lora', 'Rath', 'jhessel@example.net', '(301)208-4', '2016-09-30 00:12:20', '2013-12-09 23:43:15');
INSERT INTO `users` (`id`, `first_name`, `last_name`, `email`, `phone`, `create_at`, `updated_at`) VALUES (69, 'Sandy', 'Stehr', 'dillon.pagac@example.org', '1-367-277-', '2013-09-08 10:34:36', '2015-07-05 04:54:49');
INSERT INTO `users` (`id`, `first_name`, `last_name`, `email`, `phone`, `create_at`, `updated_at`) VALUES (70, 'Mae', 'Frami', 'stoy@example.net', '(423)717-1', '2010-10-30 17:26:00', '2016-01-05 02:21:33');
INSERT INTO `users` (`id`, `first_name`, `last_name`, `email`, `phone`, `create_at`, `updated_at`) VALUES (71, 'Annabel', 'Ortiz', 'hollie.cassin@example.org', '568-217-82', '2010-11-30 22:18:44', '2017-01-20 11:49:17');
INSERT INTO `users` (`id`, `first_name`, `last_name`, `email`, `phone`, `create_at`, `updated_at`) VALUES (72, 'Yvette', 'Prosacco', 'batz.arthur@example.com', '1-211-621-', '2016-04-25 15:19:19', '2015-10-07 04:47:16');
INSERT INTO `users` (`id`, `first_name`, `last_name`, `email`, `phone`, `create_at`, `updated_at`) VALUES (73, 'Floy', 'Dach', 'kaitlin.aufderhar@example.com', '565.319.86', '2012-03-17 22:56:00', '2019-11-18 23:49:13');
INSERT INTO `users` (`id`, `first_name`, `last_name`, `email`, `phone`, `create_at`, `updated_at`) VALUES (74, 'Paige', 'Sipes', 'quitzon.concepcion@example.org', '333.474.07', '2013-08-05 05:29:18', '2017-01-11 12:58:11');
INSERT INTO `users` (`id`, `first_name`, `last_name`, `email`, `phone`, `create_at`, `updated_at`) VALUES (75, 'Larissa', 'Bogisich', 'becker.vincenzo@example.net', '(990)312-0', '2019-10-28 18:18:31', '2014-06-20 10:37:32');
INSERT INTO `users` (`id`, `first_name`, `last_name`, `email`, `phone`, `create_at`, `updated_at`) VALUES (76, 'Timothy', 'Kub', 'nkling@example.net', '(059)229-5', '2016-05-20 12:56:15', '2013-01-04 14:53:47');
INSERT INTO `users` (`id`, `first_name`, `last_name`, `email`, `phone`, `create_at`, `updated_at`) VALUES (77, 'Tina', 'Hilll', 'schumm.telly@example.org', '511.264.85', '2011-07-10 01:39:55', '2013-03-18 05:13:39');
INSERT INTO `users` (`id`, `first_name`, `last_name`, `email`, `phone`, `create_at`, `updated_at`) VALUES (78, 'Lucas', 'Runolfsson', 'athena18@example.org', '1-478-449-', '2018-08-31 22:32:11', '2011-05-06 15:46:30');
INSERT INTO `users` (`id`, `first_name`, `last_name`, `email`, `phone`, `create_at`, `updated_at`) VALUES (79, 'Blake', 'Sawayn', 'atrantow@example.net', '963.967.27', '2016-04-13 18:30:45', '2019-09-17 21:23:36');
INSERT INTO `users` (`id`, `first_name`, `last_name`, `email`, `phone`, `create_at`, `updated_at`) VALUES (80, 'Jacinthe', 'Dickinson', 'william66@example.net', '+08(8)5740', '2013-08-22 01:15:08', '2012-03-20 08:12:20');
INSERT INTO `users` (`id`, `first_name`, `last_name`, `email`, `phone`, `create_at`, `updated_at`) VALUES (81, 'Daphney', 'Cronin', 'odessa92@example.com', '+55(5)9029', '2014-08-02 23:18:10', '2014-04-11 10:07:35');
INSERT INTO `users` (`id`, `first_name`, `last_name`, `email`, `phone`, `create_at`, `updated_at`) VALUES (82, 'Jakayla', 'Wolf', 'layne13@example.org', '1-251-248-', '2019-11-15 12:40:58', '2019-07-27 11:29:02');
INSERT INTO `users` (`id`, `first_name`, `last_name`, `email`, `phone`, `create_at`, `updated_at`) VALUES (83, 'Tremaine', 'Monahan', 'doris41@example.org', '+60(7)8041', '2011-02-13 04:53:01', '2015-07-16 20:50:45');
INSERT INTO `users` (`id`, `first_name`, `last_name`, `email`, `phone`, `create_at`, `updated_at`) VALUES (84, 'Golden', 'Denesik', 'laverne73@example.net', '419.422.59', '2012-08-01 19:57:49', '2016-10-16 04:04:54');
INSERT INTO `users` (`id`, `first_name`, `last_name`, `email`, `phone`, `create_at`, `updated_at`) VALUES (85, 'Rylee', 'Keeling', 'uriah38@example.com', '(329)272-3', '2010-12-06 19:41:51', '2018-02-27 18:55:05');
INSERT INTO `users` (`id`, `first_name`, `last_name`, `email`, `phone`, `create_at`, `updated_at`) VALUES (86, 'Ada', 'Wintheiser', 'bschneider@example.com', '1-499-775-', '2019-01-02 16:51:21', '2019-10-11 23:59:07');
INSERT INTO `users` (`id`, `first_name`, `last_name`, `email`, `phone`, `create_at`, `updated_at`) VALUES (87, 'Eriberto', 'Erdman', 'legros.allan@example.net', '(045)000-9', '2011-04-09 15:01:04', '2012-09-23 10:32:42');
INSERT INTO `users` (`id`, `first_name`, `last_name`, `email`, `phone`, `create_at`, `updated_at`) VALUES (88, 'Ellen', 'Pfeffer', 'ddonnelly@example.com', '244-073-12', '2016-01-17 21:50:11', '2019-03-24 18:30:26');
INSERT INTO `users` (`id`, `first_name`, `last_name`, `email`, `phone`, `create_at`, `updated_at`) VALUES (89, 'Layla', 'Hauck', 'ortiz.cicero@example.org', '131-471-19', '2018-05-10 06:08:10', '2010-08-22 16:37:17');
INSERT INTO `users` (`id`, `first_name`, `last_name`, `email`, `phone`, `create_at`, `updated_at`) VALUES (90, 'Precious', 'Conroy', 'lcollier@example.net', '1-104-237-', '2012-03-30 17:09:52', '2017-12-19 12:25:53');
INSERT INTO `users` (`id`, `first_name`, `last_name`, `email`, `phone`, `create_at`, `updated_at`) VALUES (91, 'Destany', 'Breitenberg', 'ludwig02@example.net', '266-739-33', '2016-08-27 11:30:16', '2013-02-12 15:22:11');
INSERT INTO `users` (`id`, `first_name`, `last_name`, `email`, `phone`, `create_at`, `updated_at`) VALUES (92, 'Janie', 'Strosin', 'nrunolfsson@example.com', '1-296-197-', '2016-04-17 08:16:05', '2014-04-10 14:40:26');
INSERT INTO `users` (`id`, `first_name`, `last_name`, `email`, `phone`, `create_at`, `updated_at`) VALUES (93, 'Elisa', 'Kertzmann', 'rbogan@example.com', '+44(7)7775', '2012-12-05 14:13:48', '2011-08-15 05:06:32');
INSERT INTO `users` (`id`, `first_name`, `last_name`, `email`, `phone`, `create_at`, `updated_at`) VALUES (94, 'Pearline', 'Stracke', 'oceane.graham@example.net', '844.966.82', '2016-10-22 21:53:19', '2018-09-03 05:21:55');
INSERT INTO `users` (`id`, `first_name`, `last_name`, `email`, `phone`, `create_at`, `updated_at`) VALUES (95, 'Bria', 'Koelpin', 'brigitte08@example.com', '074-638-53', '2011-02-24 04:05:24', '2014-03-04 07:49:14');
INSERT INTO `users` (`id`, `first_name`, `last_name`, `email`, `phone`, `create_at`, `updated_at`) VALUES (96, 'Kristina', 'Schaefer', 'justyn.gutmann@example.net', '+57(0)7504', '2016-01-01 19:45:29', '2017-02-03 16:19:14');
INSERT INTO `users` (`id`, `first_name`, `last_name`, `email`, `phone`, `create_at`, `updated_at`) VALUES (97, 'Kiara', 'Wolf', 'merlin.harvey@example.com', '0043354482', '2017-05-20 10:38:57', '2017-09-08 12:33:52');
INSERT INTO `users` (`id`, `first_name`, `last_name`, `email`, `phone`, `create_at`, `updated_at`) VALUES (98, 'Rodrick', 'Dicki', 'bhomenick@example.com', '681-727-82', '2017-08-12 14:24:51', '2011-08-23 09:32:09');
INSERT INTO `users` (`id`, `first_name`, `last_name`, `email`, `phone`, `create_at`, `updated_at`) VALUES (99, 'Chelsea', 'Mayert', 'otilia.jerde@example.net', '944-592-53', '2016-10-23 07:18:14', '2017-06-28 05:25:43');
INSERT INTO `users` (`id`, `first_name`, `last_name`, `email`, `phone`, `create_at`, `updated_at`) VALUES (100, 'Mya', 'Klein', 'oboehm@example.com', '1-070-118-', '2018-10-29 00:50:21', '2010-06-03 05:40:44');


